case_id,max_request_cap,source_row_index,split,AGE,SEX,true_pathology,predicted_pathology,agreement_hybrid_predicted_pathology,conservative_hybrid_predicted_pathology,llm_predicted_pathology,mlp_predicted_pathology,correct,agreement_hybrid_correct,conservative_hybrid_correct,llm_correct,mlp_correct,ranked_differential,agreement_hybrid_ranked_differential,conservative_hybrid_ranked_differential,llm_ranked_differential,mlp_ranked_differential,agreement_hybrid_final_source,conservative_hybrid_final_source,final_confidence,llm_confidence,final_mlp_confidence,final_mlp_margin,final_mlp_entropy,final_mlp_stability_turns,llm_mlp_agreement,llm_mlp_top1_agree,mlp_in_llm_top3,num_requests,visible_root_count,stop_reason,stop_rule_fired,api_calls,input_tokens,output_tokens,estimated_cost,initial_evidence,prior_top1,prior_top1_score,deterministic_top1,deterministic_margin,deterministic_unresolved_mass,final_top_shortlist_score,top_graph_score_at_stop,mean_requested_graph_rank,mean_requested_information_gain,requests_outside_graph_top10,graph_shortlist_size_mean,graph_active_diseases_final,selected_policy_name,policy_flags,error_flags
test:104857,24,104857,test,18,M,Acute dystonic reactions,Acute dystonic reactions,Acute dystonic reactions,Acute dystonic reactions,Acute dystonic reactions,Acute dystonic reactions,True,True,True,True,True,"[""Acute dystonic reactions"", ""Myasthenia gravis"", ""Guillain-Barr\u00e9 syndrome"", ""Tuberculosis"", ""Acute COPD exacerbation / infection""]","[""Acute dystonic reactions"", ""Myasthenia gravis"", ""Guillain-Barr\u00e9 syndrome"", ""Tuberculosis"", ""Acute COPD exacerbation / infection""]","[""Acute dystonic reactions"", ""Myasthenia gravis"", ""Guillain-Barr\u00e9 syndrome"", ""Tuberculosis"", ""Acute COPD exacerbation / infection""]","[""Acute dystonic reactions"", ""Myasthenia gravis"", ""Guillain-Barr\u00e9 syndrome"", ""Tuberculosis"", ""Acute COPD exacerbation / infection""]","[""Acute dystonic reactions"", ""Myasthenia gravis"", ""Scombroid food poisoning"", ""Bronchiectasis"", ""Ebola""]",agreement,llm_mlp_agreement,0.9931014776229858,0.993,0.9931014776229858,0.9893549440894276,0.0142391850282776,1,True,True,True,1,2,selected_mlp_stop,True,2,4656,239,,E_172,Acute dystonic reactions,0.5764975547790527,Acute dystonic reactions,1.0371187506520485,0.0629819495485952,0.3186,0.3186,1.0,0.5996,0,10.0,"[""Acute COPD exacerbation / infection"", ""Acute dystonic reactions"", ""Bronchiectasis"", ""Ebola"", ""Epiglottitis"", ""Guillain-Barré syndrome"", ""Myasthenia gravis"", ""Scombroid food poisoning"", ""Tuberculosis""]",mlp_conf_ge_0.70_margin_ge_0.20_entropy_le_0.10_stab_0,[],[]
test:33118,24,33118,test,77,F,Acute otitis media,Acute otitis media,Acute otitis media,Acute otitis media,Acute otitis media,Acute otitis media,True,True,True,True,True,"[""Acute otitis media"", ""Viral pharyngitis"", ""Acute rhinosinusitis"", ""URTI"", ""Chronic rhinosinusitis""]","[""Acute otitis media"", ""Viral pharyngitis"", ""Acute rhinosinusitis"", ""URTI"", ""Chronic rhinosinusitis""]","[""Acute otitis media"", ""Viral pharyngitis"", ""Acute rhinosinusitis"", ""URTI"", ""Chronic rhinosinusitis""]","[""Acute otitis media"", ""Viral pharyngitis"", ""Acute rhinosinusitis"", ""URTI"", ""Chronic rhinosinusitis""]","[""Acute otitis media"", ""Viral pharyngitis"", ""Acute rhinosinusitis"", ""URTI"", ""Chronic rhinosinusitis""]",agreement,llm_mlp_agreement,0.5674136877059937,0.567,0.5674136877059937,0.4266166538000107,0.3764220596507494,4,True,True,True,8,9,agent_stop,False,9,21907,1026,,E_181,Viral pharyngitis,0.2505295872688293,Acute otitis media,0.6143678796728287,0.2867781102321411,0.2468,0.2468,1.375,0.3691625,0,10.0,"[""Acute laryngitis"", ""Acute otitis media"", ""Acute rhinosinusitis"", ""Chronic rhinosinusitis"", ""Cluster headache"", ""HIV (initial infection)"", ""Influenza"", ""URTI"", ""Viral pharyngitis""]",mlp_conf_ge_0.70_margin_ge_0.20_entropy_le_0.10_stab_0,"[""deterministic_top1_inserted""]",[]
test:93930,24,93930,test,42,M,Acute pulmonary edema,Acute pulmonary edema,Acute pulmonary edema,Acute pulmonary edema,Acute pulmonary edema,Acute pulmonary edema,True,True,True,True,True,"[""Acute pulmonary edema"", ""Localized edema"", ""Anaphylaxis"", ""Pulmonary embolism"", ""Chagas""]","[""Acute pulmonary edema"", ""Localized edema"", ""Anaphylaxis"", ""Pulmonary embolism"", ""Chagas""]","[""Acute pulmonary edema"", ""Localized edema"", ""Anaphylaxis"", ""Pulmonary embolism"", ""Chagas""]","[""Acute pulmonary edema"", ""Localized edema"", ""Anaphylaxis"", ""Pulmonary embolism"", ""Chagas""]","[""Acute pulmonary edema"", ""Pulmonary embolism"", ""Localized edema"", ""Anaphylaxis"", ""Myocarditis""]",agreement,llm_mlp_agreement,0.9993420243263244,0.999,0.9993420243263244,0.9988839360012208,0.0015619509256619,2,True,True,True,5,6,selected_mlp_stop,True,6,13874,651,,E_151,Localized edema,0.4193582236766815,Acute pulmonary edema,5.622434377632772,4.1391223892794926e-08,0.3348,0.3348,1.2,0.44654,0,10.0,"[""Acute pulmonary edema"", ""Anaphylaxis"", ""Chagas"", ""Localized edema"", ""Myocarditis"", ""Pulmonary embolism""]",mlp_conf_ge_0.70_margin_ge_0.20_entropy_le_0.10_stab_0,[],[]
test:88250,24,88250,test,33,F,Allergic sinusitis,Allergic sinusitis,Allergic sinusitis,Allergic sinusitis,Allergic sinusitis,Allergic sinusitis,True,True,True,True,True,"[""Allergic sinusitis"", ""URTI"", ""Acute otitis media"", ""Viral pharyngitis"", ""Chronic rhinosinusitis""]","[""Allergic sinusitis"", ""URTI"", ""Acute otitis media"", ""Viral pharyngitis"", ""Chronic rhinosinusitis""]","[""Allergic sinusitis"", ""URTI"", ""Acute otitis media"", ""Viral pharyngitis"", ""Chronic rhinosinusitis""]","[""Allergic sinusitis"", ""URTI"", ""Acute otitis media"", ""Viral pharyngitis"", ""Chronic rhinosinusitis""]","[""Allergic sinusitis"", ""URTI"", ""Acute otitis media"", ""Viral pharyngitis"", ""Chronic rhinosinusitis""]",agreement,llm_mlp_agreement,0.9970376491546632,0.997,0.9970376491546632,0.995184402447194,0.0060912907325209,1,True,True,True,7,8,selected_mlp_stop,True,8,19478,884,,E_201,Viral pharyngitis,0.1505418270826339,Allergic sinusitis,2.099163695286391,0.002641193450923,0.3197,0.3197,1.0,0.2396571428571428,0,10.0,"[""Acute otitis media"", ""Allergic sinusitis"", ""Chronic rhinosinusitis"", ""Croup"", ""Ebola"", ""Influenza"", ""Tuberculosis"", ""URTI"", ""Viral pharyngitis""]",mlp_conf_ge_0.70_margin_ge_0.20_entropy_le_0.10_stab_0,[],[]
test:90978,24,90978,test,0,M,Bronchiolitis,Bronchiolitis,Bronchiolitis,Bronchiolitis,Bronchiolitis,Bronchiolitis,True,True,True,True,True,"[""Bronchiolitis"", ""Bronchitis"", ""Bronchospasm / acute asthma exacerbation"", ""Tuberculosis"", ""Croup""]","[""Bronchiolitis"", ""Bronchitis"", ""Bronchospasm / acute asthma exacerbation"", ""Tuberculosis"", ""Croup""]","[""Bronchiolitis"", ""Bronchitis"", ""Bronchospasm / acute asthma exacerbation"", ""Tuberculosis"", ""Croup""]","[""Bronchiolitis"", ""Bronchitis"", ""Bronchospasm / acute asthma exacerbation"", ""Tuberculosis"", ""Croup""]","[""Bronchiolitis"", ""Bronchitis"", ""Bronchospasm / acute asthma exacerbation"", ""Tuberculosis"", ""Croup""]",agreement,llm_mlp_agreement,0.554,0.554,0.5535164475440979,0.1913234293460846,0.2666260920827249,2,True,True,True,2,3,agent_stop,False,3,6829,348,,E_23,Bronchiolitis,0.9996452331542968,Bronchiolitis,3.8043972008558873,3.663849351065451e-05,0.3336,0.3336,1.0,0.3433,0,10.0,"[""Acute otitis media"", ""Acute pulmonary edema"", ""Allergic sinusitis"", ""Bronchiolitis"", ""Bronchitis"", ""Bronchospasm / acute asthma exacerbation"", ""Croup"", ""Myocarditis"", ""Pulmonary neoplasm"", ""Tuberculosis"", ""URTI""]",mlp_conf_ge_0.70_margin_ge_0.20_entropy_le_0.10_stab_0,[],[]
test:29123,24,29123,test,40,M,Bronchospasm / acute asthma exacerbation,Bronchospasm / acute asthma exacerbation,Bronchospasm / acute asthma exacerbation,Bronchospasm / acute asthma exacerbation,Bronchospasm / acute asthma exacerbation,Bronchospasm / acute asthma exacerbation,True,True,True,True,True,"[""Bronchospasm / acute asthma exacerbation"", ""Tuberculosis"", ""Acute COPD exacerbation / infection"", ""Acute rhinosinusitis"", ""Chronic rhinosinusitis""]","[""Bronchospasm / acute asthma exacerbation"", ""Tuberculosis"", ""Acute COPD exacerbation / infection"", ""Acute rhinosinusitis"", ""Chronic rhinosinusitis""]","[""Bronchospasm / acute asthma exacerbation"", ""Tuberculosis"", ""Acute COPD exacerbation / infection"", ""Acute rhinosinusitis"", ""Chronic rhinosinusitis""]","[""Bronchospasm / acute asthma exacerbation"", ""Tuberculosis"", ""Acute COPD exacerbation / infection"", ""Acute rhinosinusitis"", ""Chronic rhinosinusitis""]","[""Bronchospasm / acute asthma exacerbation"", ""Acute COPD exacerbation / infection"", ""Bronchiectasis"", ""Bronchitis"", ""Allergic sinusitis""]",agreement,llm_mlp_agreement,1.0,1.0,0.9996163845062256,0.999349264369812,0.0009742223935142,1,True,True,True,5,6,selected_mlp_stop,True,6,14715,730,,E_201,Viral pharyngitis,0.1465201526880264,Bronchospasm / acute asthma exacerbation,3.819574293306822,2.4586913823232415e-05,0.3373,0.3373,1.0,0.32674,0,10.0,"[""Acute COPD exacerbation / infection"", ""Acute rhinosinusitis"", ""Allergic sinusitis"", ""Bronchiectasis"", ""Bronchitis"", ""Bronchospasm / acute asthma exacerbation"", ""Chronic rhinosinusitis"", ""GERD"", ""Tuberculosis"", ""Viral pharyngitis""]",mlp_conf_ge_0.70_margin_ge_0.20_entropy_le_0.10_stab_0,[],[]
test:51421,24,51421,test,7,M,Chagas,Sarcoidosis,Sarcoidosis,Sarcoidosis,Sarcoidosis,Sarcoidosis,False,False,False,False,False,"[""Sarcoidosis"", ""Stable angina"", ""Myocarditis"", ""Possible NSTEMI / STEMI"", ""Pulmonary neoplasm""]","[""Sarcoidosis"", ""Stable angina"", ""Myocarditis"", ""Possible NSTEMI / STEMI"", ""Pulmonary neoplasm""]","[""Sarcoidosis"", ""Stable angina"", ""Myocarditis"", ""Possible NSTEMI / STEMI"", ""Pulmonary neoplasm""]","[""Sarcoidosis"", ""Stable angina"", ""Myocarditis"", ""Possible NSTEMI / STEMI"", ""Pulmonary neoplasm""]","[""Sarcoidosis"", ""Chagas"", ""HIV (initial infection)"", ""Myocarditis"", ""Acute otitis media""]",agreement,llm_mlp_agreement,0.932,0.932,0.931563913822174,0.8688706234097481,0.0716316960670108,2,True,True,True,17,18,selected_mlp_stop,True,18,47968,2012,,E_91,URTI,0.1861048936843872,Sarcoidosis,1.4077509112096689,0.0210948009222171,0.3361,0.3361,2.0,0.2953470588235294,0,10.0,"[""Acute otitis media"", ""Chagas"", ""HIV (initial infection)"", ""Myocarditis"", ""Possible NSTEMI / STEMI"", ""Pulmonary neoplasm"", ""Sarcoidosis"", ""Stable angina"", ""Tuberculosis"", ""URTI""]",mlp_conf_ge_0.70_margin_ge_0.20_entropy_le_0.10_stab_0,"[""drift_guard_override"", ""drift_guard_override""]",[]
test:46152,24,46152,test,40,F,Cluster headache,Cluster headache,Cluster headache,Cluster headache,Cluster headache,Cluster headache,True,True,True,True,True,"[""Cluster headache"", ""Chronic rhinosinusitis"", ""Acute otitis media"", ""Stable angina"", ""Viral pharyngitis""]","[""Cluster headache"", ""Chronic rhinosinusitis"", ""Acute otitis media"", ""Stable angina"", ""Viral pharyngitis""]","[""Cluster headache"", ""Chronic rhinosinusitis"", ""Acute otitis media"", ""Stable angina"", ""Viral pharyngitis""]","[""Cluster headache"", ""Chronic rhinosinusitis"", ""Acute otitis media"", ""Stable angina"", ""Viral pharyngitis""]","[""Cluster headache"", ""Chronic rhinosinusitis"", ""Acute otitis media"", ""Stable angina"", ""Viral pharyngitis""]",agreement,llm_mlp_agreement,0.677,0.677,0.6769211292266846,0.6406421922147274,0.4186366553077677,2,True,True,True,5,6,agent_stop,False,6,13994,665,,E_53,Viral pharyngitis,0.1084873899817466,Cluster headache,2.272217946519787,0.0040251661978357,0.338,0.338,1.4,0.39618,0,10.0,"[""Acute otitis media"", ""Acute rhinosinusitis"", ""Boerhaave"", ""Chagas"", ""Chronic rhinosinusitis"", ""Cluster headache"", ""Stable angina"", ""Viral pharyngitis""]",mlp_conf_ge_0.70_margin_ge_0.20_entropy_le_0.10_stab_0,[],[]
test:81691,24,81691,test,9,F,Croup,Acute otitis media,Acute otitis media,Acute otitis media,Acute otitis media,Acute otitis media,False,False,False,False,False,"[""Acute otitis media"", ""Cluster headache"", ""Viral pharyngitis"", ""Allergic sinusitis"", ""Bronchitis""]","[""Acute otitis media"", ""Cluster headache"", ""Viral pharyngitis"", ""Allergic sinusitis"", ""Bronchitis""]","[""Acute otitis media"", ""Cluster headache"", ""Viral pharyngitis"", ""Allergic sinusitis"", ""Bronchitis""]","[""Acute otitis media"", ""Cluster headache"", ""Viral pharyngitis"", ""Allergic sinusitis"", ""Bronchitis""]","[""Acute otitis media"", ""Cluster headache"", ""Viral pharyngitis"", ""Allergic sinusitis"", ""Bronchitis""]",agreement,llm_mlp_agreement,0.665,0.665,0.6648991107940674,0.508453443646431,0.3097778654981475,1,True,True,True,23,24,agent_stop,False,24,68439,2814,,E_181,Viral pharyngitis,0.2347007393836975,Sarcoidosis,0.0464154083915824,0.6709270843937294,0.2179,0.2179,1.7391304347826086,0.2098565217391304,0,10.0,"[""Acute otitis media"", ""Allergic sinusitis"", ""Atrial fibrillation"", ""Boerhaave"", ""Bronchitis"", ""Chagas"", ""Cluster headache"", ""Guillain-Barré syndrome"", ""Sarcoidosis"", ""URTI"", ""Viral pharyngitis""]",mlp_conf_ge_0.70_margin_ge_0.20_entropy_le_0.10_stab_0,"[""drift_guard_override"", ""drift_guard_override""]",[]
test:77908,24,77908,test,35,F,Ebola,HIV (initial infection),HIV (initial infection),HIV (initial infection),HIV (initial infection),HIV (initial infection),False,False,False,False,False,"[""HIV (initial infection)"", ""Chagas"", ""Pancreatic neoplasm"", ""Influenza"", ""Ebola""]","[""HIV (initial infection)"", ""Chagas"", ""Pancreatic neoplasm"", ""Influenza"", ""Ebola""]","[""HIV (initial infection)"", ""Chagas"", ""Pancreatic neoplasm"", ""Influenza"", ""Ebola""]","[""HIV (initial infection)"", ""Chagas"", ""Pancreatic neoplasm"", ""Influenza"", ""Ebola""]","[""HIV (initial infection)"", ""Chagas"", ""Pancreatic neoplasm"", ""Influenza"", ""Ebola""]",agreement,llm_mlp_agreement,0.8772045373916626,0.877,0.8772045373916626,0.7877223417162895,0.1295326934655687,1,True,True,True,2,3,agent_stop,False,3,6736,329,,E_51,Pancreatic neoplasm,0.2582213580608368,Bronchiolitis,0.5065311183519776,0.3270179138046274,0.4839,0.4839,1.5,0.27205,0,10.0,"[""Anaphylaxis"", ""Bronchiolitis"", ""Chagas"", ""Ebola"", ""HIV (initial infection)"", ""Influenza"", ""Pancreatic neoplasm""]",mlp_conf_ge_0.70_margin_ge_0.20_entropy_le_0.10_stab_0,"[""deterministic_top1_inserted""]",[]
test:34242,24,34242,test,16,M,Guillain-Barré syndrome,Guillain-Barré syndrome,Guillain-Barré syndrome,Guillain-Barré syndrome,Guillain-Barré syndrome,Guillain-Barré syndrome,True,True,True,True,True,"[""Guillain-Barr\u00e9 syndrome"", ""Myasthenia gravis"", ""Cluster headache"", ""Acute dystonic reactions"", ""Atrial fibrillation""]","[""Guillain-Barr\u00e9 syndrome"", ""Myasthenia gravis"", ""Cluster headache"", ""Acute dystonic reactions"", ""Atrial fibrillation""]","[""Guillain-Barr\u00e9 syndrome"", ""Myasthenia gravis"", ""Cluster headache"", ""Acute dystonic reactions"", ""Atrial fibrillation""]","[""Guillain-Barr\u00e9 syndrome"", ""Myasthenia gravis"", ""Cluster headache"", ""Acute dystonic reactions"", ""Atrial fibrillation""]","[""Guillain-Barr\u00e9 syndrome"", ""Myasthenia gravis"", ""Panic attack"", ""Ebola"", ""Cluster headache""]",agreement,llm_mlp_agreement,1.0,1.0,0.9995797276496888,0.9991615282779094,0.0009507893480505,1,True,True,True,1,2,selected_mlp_stop,True,2,4524,245,,E_84,Guillain-Barré syndrome,0.6524856090545654,Guillain-Barré syndrome,2.2299934887661386,0.0011847951999948,0.3148,0.3148,7.0,0.406,0,10.0,"[""Acute dystonic reactions"", ""Anemia"", ""Atrial fibrillation"", ""Cluster headache"", ""Ebola"", ""Epiglottitis"", ""Guillain-Barré syndrome"", ""Myasthenia gravis"", ""Panic attack""]",mlp_conf_ge_0.70_margin_ge_0.20_entropy_le_0.10_stab_0,[],[]
test:106010,24,106010,test,58,M,HIV (initial infection),HIV (initial infection),HIV (initial infection),HIV (initial infection),HIV (initial infection),HIV (initial infection),True,True,True,True,True,"[""HIV (initial infection)"", ""Influenza"", ""Pancreatic neoplasm"", ""Pneumonia"", ""Tuberculosis""]","[""HIV (initial infection)"", ""Influenza"", ""Pancreatic neoplasm"", ""Pneumonia"", ""Tuberculosis""]","[""HIV (initial infection)"", ""Influenza"", ""Pancreatic neoplasm"", ""Pneumonia"", ""Tuberculosis""]","[""HIV (initial infection)"", ""Influenza"", ""Pancreatic neoplasm"", ""Pneumonia"", ""Tuberculosis""]","[""HIV (initial infection)"", ""Influenza"", ""Pancreatic neoplasm"", ""Pneumonia"", ""Tuberculosis""]",agreement,llm_mlp_agreement,0.9951153993606568,0.995,0.9951153993606568,0.9926434552762656,0.009429613184837,2,True,True,True,3,4,selected_mlp_stop,True,4,9186,445,,E_162,Pulmonary neoplasm,0.3800168037414551,HIV (initial infection),2.2252017220835594,0.0017539850977575,0.7014,0.7014,1.0,0.4031666666666666,0,10.0,"[""Anaphylaxis"", ""Bronchiolitis"", ""HIV (initial infection)"", ""Influenza"", ""Pancreatic neoplasm"", ""Pneumonia"", ""Pulmonary neoplasm"", ""Tuberculosis"", ""URTI""]",mlp_conf_ge_0.70_margin_ge_0.20_entropy_le_0.10_stab_0,[],[]
test:8666,24,8666,test,20,F,Influenza,Influenza,Influenza,Influenza,Influenza,Influenza,True,True,True,True,True,"[""Influenza"", ""Pneumonia"", ""HIV (initial infection)"", ""Acute otitis media"", ""Viral pharyngitis""]","[""Influenza"", ""Pneumonia"", ""HIV (initial infection)"", ""Acute otitis media"", ""Viral pharyngitis""]","[""Influenza"", ""Pneumonia"", ""HIV (initial infection)"", ""Acute otitis media"", ""Viral pharyngitis""]","[""Influenza"", ""Pneumonia"", ""HIV (initial infection)"", ""Acute otitis media"", ""Viral pharyngitis""]","[""Influenza"", ""Pneumonia"", ""HIV (initial infection)"", ""Acute otitis media"", ""Viral pharyngitis""]",agreement,llm_mlp_agreement,0.857223629951477,0.857,0.857223629951477,0.7501511201262474,0.1379502932370856,5,True,True,True,13,14,agent_stop,False,14,35927,1577,,E_91,Viral pharyngitis,0.202863723039627,Influenza,0.1256671028898281,0.4160888260765085,0.3068,0.3068,1.3076923076923077,0.4569076923076923,0,10.0,"[""Acute otitis media"", ""Anaphylaxis"", ""HIV (initial infection)"", ""Influenza"", ""Inguinal hernia"", ""Pneumonia"", ""SLE"", ""Viral pharyngitis""]",mlp_conf_ge_0.70_margin_ge_0.20_entropy_le_0.10_stab_0,[],[]
test:38202,24,38202,test,29,M,Inguinal hernia,Inguinal hernia,Inguinal hernia,Inguinal hernia,Inguinal hernia,Inguinal hernia,True,True,True,True,True,"[""Inguinal hernia"", ""Whooping cough"", ""Spontaneous rib fracture"", ""Epiglottitis"", ""Acute COPD exacerbation / infection""]","[""Inguinal hernia"", ""Whooping cough"", ""Spontaneous rib fracture"", ""Epiglottitis"", ""Acute COPD exacerbation / infection""]","[""Inguinal hernia"", ""Whooping cough"", ""Spontaneous rib fracture"", ""Epiglottitis"", ""Acute COPD exacerbation / infection""]","[""Inguinal hernia"", ""Whooping cough"", ""Spontaneous rib fracture"", ""Epiglottitis"", ""Acute COPD exacerbation / infection""]","[""Inguinal hernia"", ""Whooping cough"", ""Spontaneous rib fracture"", ""Cluster headache"", ""Acute dystonic reactions""]",agreement,llm_mlp_agreement,0.6864731907844543,0.686,0.6864731907844543,0.4114209413528442,0.2037016782410049,1,True,True,True,1,2,agent_stop,False,2,4540,235,,E_203,Inguinal hernia,0.5563111305236816,Inguinal hernia,0.7468282720492792,0.1023243031509871,0.4942,0.4942,2.0,0.5922,0,10.0,"[""Acute COPD exacerbation / infection"", ""Acute dystonic reactions"", ""Cluster headache"", ""Epiglottitis"", ""Inguinal hernia"", ""Pancreatic neoplasm"", ""Spontaneous rib fracture"", ""Whooping cough""]",mlp_conf_ge_0.70_margin_ge_0.20_entropy_le_0.10_stab_0,[],[]
test:133888,24,133888,test,35,M,Larygospasm,Larygospasm,Larygospasm,Larygospasm,Larygospasm,Larygospasm,True,True,True,True,True,"[""Larygospasm"", ""Epiglottitis"", ""Anaphylaxis"", ""Croup"", ""Pneumonia""]","[""Larygospasm"", ""Epiglottitis"", ""Anaphylaxis"", ""Croup"", ""Pneumonia""]","[""Larygospasm"", ""Epiglottitis"", ""Anaphylaxis"", ""Croup"", ""Pneumonia""]","[""Larygospasm"", ""Epiglottitis"", ""Anaphylaxis"", ""Croup"", ""Pneumonia""]","[""Larygospasm"", ""Epiglottitis"", ""Anaphylaxis"", ""Croup"", ""Scombroid food poisoning""]",agreement,llm_mlp_agreement,0.7794390320777893,0.779,0.7794390320777893,0.6056741178035736,0.1699799726852902,0,True,True,True,0,1,agent_stop,False,1,2185,111,,E_194,Larygospasm,0.598102331161499,Larygospasm,1.6995805773141512,0.0089748218855433,0.4346,0.4346,,,0,10.0,"[""Anaphylaxis"", ""Croup"", ""Epiglottitis"", ""Larygospasm"", ""Pneumonia"", ""Scombroid food poisoning""]",mlp_conf_ge_0.70_margin_ge_0.20_entropy_le_0.10_stab_0,[],[]
test:2801,24,2801,test,90,F,Pancreatic neoplasm,Pancreatic neoplasm,Pancreatic neoplasm,Pancreatic neoplasm,Pancreatic neoplasm,Pancreatic neoplasm,True,True,True,True,True,"[""Pancreatic neoplasm"", ""Anaphylaxis"", ""HIV (initial infection)"", ""Chagas"", ""Ebola""]","[""Pancreatic neoplasm"", ""Anaphylaxis"", ""HIV (initial infection)"", ""Chagas"", ""Ebola""]","[""Pancreatic neoplasm"", ""Anaphylaxis"", ""HIV (initial infection)"", ""Chagas"", ""Ebola""]","[""Pancreatic neoplasm"", ""Anaphylaxis"", ""HIV (initial infection)"", ""Chagas"", ""Ebola""]","[""Pancreatic neoplasm"", ""HIV (initial infection)"", ""Scombroid food poisoning"", ""Chagas"", ""Anaphylaxis""]",agreement,llm_mlp_agreement,0.9331328868865968,0.933,0.9331328868865968,0.8929347395896912,0.0820826937535607,1,True,True,True,1,2,selected_mlp_stop,True,2,4390,216,,E_51,Pancreatic neoplasm,0.2536326348781585,Pancreatic neoplasm,1.9326272905354416,0.0058801697387982,0.3308,0.3308,1.0,0.2677,0,10.0,"[""Anaphylaxis"", ""Chagas"", ""Ebola"", ""HIV (initial infection)"", ""Pancreatic neoplasm"", ""Scombroid food poisoning""]",mlp_conf_ge_0.70_margin_ge_0.20_entropy_le_0.10_stab_0,[],[]
test:62878,24,62878,test,35,F,Pericarditis,Anemia,Anemia,Anemia,Anemia,Anemia,False,False,False,False,False,"[""Anemia"", ""Sarcoidosis"", ""Epiglottitis"", ""PSVT"", ""Possible NSTEMI / STEMI""]","[""Anemia"", ""Sarcoidosis"", ""Epiglottitis"", ""PSVT"", ""Possible NSTEMI / STEMI""]","[""Anemia"", ""Sarcoidosis"", ""Epiglottitis"", ""PSVT"", ""Possible NSTEMI / STEMI""]","[""Anemia"", ""Sarcoidosis"", ""Epiglottitis"", ""PSVT"", ""Possible NSTEMI / STEMI""]","[""Anemia"", ""Myasthenia gravis"", ""Guillain-Barr\u00e9 syndrome"", ""Acute dystonic reactions"", ""PSVT""]",agreement,llm_mlp_agreement,0.2963294982910156,0.296,0.2963294982910156,0.1536638736724853,0.6554656038786907,0,True,True,True,24,25,max_requests_reached,False,24,67145,2613,,E_66,Acute COPD exacerbation / infection,0.0750349760055542,Sarcoidosis,0.0169936580449996,0.6753291435922535,0.2982,0.2982,1.8333333333333333,0.2864291666666667,0,10.0,"[""Acute COPD exacerbation / infection"", ""Acute dystonic reactions"", ""Anemia"", ""Epiglottitis"", ""Guillain-Barré syndrome"", ""Myasthenia gravis"", ""PSVT"", ""Possible NSTEMI / STEMI"", ""Sarcoidosis""]",mlp_conf_ge_0.70_margin_ge_0.20_entropy_le_0.10_stab_0,"[""drift_guard_override""]",[]
test:95923,24,95923,test,24,F,Pneumonia,Pneumonia,Pneumonia,Pneumonia,Pneumonia,Pneumonia,True,True,True,True,True,"[""Pneumonia"", ""Bronchiectasis"", ""Bronchitis"", ""Panic attack"", ""Acute rhinosinusitis""]","[""Pneumonia"", ""Bronchiectasis"", ""Bronchitis"", ""Panic attack"", ""Acute rhinosinusitis""]","[""Pneumonia"", ""Bronchiectasis"", ""Bronchitis"", ""Panic attack"", ""Acute rhinosinusitis""]","[""Pneumonia"", ""Bronchiectasis"", ""Bronchitis"", ""Panic attack"", ""Acute rhinosinusitis""]","[""Pneumonia"", ""Bronchiectasis"", ""Bronchitis"", ""Panic attack"", ""URTI""]",agreement,llm_mlp_agreement,0.868,0.868,0.8677693009376526,0.761582151055336,0.1227552619788079,1,True,True,True,5,6,agent_stop,False,6,14871,725,,E_66,Bronchospasm / acute asthma exacerbation,0.0824476554989814,Pneumonia,1.6407052960276751,0.0173326669314126,0.5871,0.5871,2.0,0.4372,0,10.0,"[""Acute rhinosinusitis"", ""Bronchiectasis"", ""Bronchitis"", ""Bronchospasm / acute asthma exacerbation"", ""Chronic rhinosinusitis"", ""Panic attack"", ""Pneumonia"", ""URTI""]",mlp_conf_ge_0.70_margin_ge_0.20_entropy_le_0.10_stab_0,[],[]
test:23687,24,23687,test,31,F,Pulmonary embolism,Pulmonary embolism,Pulmonary embolism,Pulmonary embolism,Pulmonary embolism,Pulmonary embolism,True,True,True,True,True,"[""Pulmonary embolism"", ""Pneumonia"", ""Spontaneous pneumothorax"", ""Spontaneous rib fracture"", ""Pericarditis""]","[""Pulmonary embolism"", ""Pneumonia"", ""Spontaneous pneumothorax"", ""Spontaneous rib fracture"", ""Pericarditis""]","[""Pulmonary embolism"", ""Pneumonia"", ""Spontaneous pneumothorax"", ""Spontaneous rib fracture"", ""Pericarditis""]","[""Pulmonary embolism"", ""Pneumonia"", ""Spontaneous pneumothorax"", ""Spontaneous rib fracture"", ""Pericarditis""]","[""Pulmonary embolism"", ""Pneumonia"", ""Spontaneous pneumothorax"", ""Spontaneous rib fracture"", ""Pericarditis""]",agreement,llm_mlp_agreement,0.9,0.9,0.8995503187179565,0.8470786884427071,0.1149663349294747,1,True,True,True,2,3,agent_stop,False,3,6906,367,,E_220,Pericarditis,0.3569554090499878,Pulmonary embolism,1.6771557893139302,0.0085767525982387,0.4469,0.4469,3.5,0.2858,0,10.0,"[""Pericarditis"", ""Pneumonia"", ""Pulmonary embolism"", ""Spontaneous pneumothorax"", ""Spontaneous rib fracture""]",mlp_conf_ge_0.70_margin_ge_0.20_entropy_le_0.10_stab_0,[],[]
test:133024,24,133024,test,63,M,Scombroid food poisoning,Scombroid food poisoning,Scombroid food poisoning,Scombroid food poisoning,Scombroid food poisoning,Scombroid food poisoning,True,True,True,True,True,"[""Scombroid food poisoning"", ""Anaphylaxis"", ""Inguinal hernia"", ""Pneumonia"", ""Pancreatic neoplasm""]","[""Scombroid food poisoning"", ""Anaphylaxis"", ""Inguinal hernia"", ""Pneumonia"", ""Pancreatic neoplasm""]","[""Scombroid food poisoning"", ""Anaphylaxis"", ""Inguinal hernia"", ""Pneumonia"", ""Pancreatic neoplasm""]","[""Scombroid food poisoning"", ""Anaphylaxis"", ""Inguinal hernia"", ""Pneumonia"", ""Pancreatic neoplasm""]","[""Scombroid food poisoning"", ""Anaphylaxis"", ""SLE"", ""HIV (initial infection)"", ""Inguinal hernia""]",agreement,llm_mlp_agreement,0.9991500377655028,0.999,0.9991500377655028,0.9987289088894612,0.0020323040630145,0,True,True,True,6,7,selected_mlp_stop,True,7,17047,802,,E_129,Inguinal hernia,0.1673923134803772,Scombroid food poisoning,2.991338394393921,0.0001616419570599,0.5416,0.5416,1.0,0.4820499999999999,0,10.0,"[""Anaphylaxis"", ""HIV (initial infection)"", ""Inguinal hernia"", ""Pancreatic neoplasm"", ""Pneumonia"", ""SLE"", ""Scombroid food poisoning""]",mlp_conf_ge_0.70_margin_ge_0.20_entropy_le_0.10_stab_0,[],[]
test:16097,24,16097,test,51,F,Stable angina,Stable angina,Stable angina,Stable angina,Stable angina,Stable angina,True,True,True,True,True,"[""Stable angina"", ""Unstable angina"", ""Possible NSTEMI / STEMI"", ""Myocarditis"", ""SLE""]","[""Stable angina"", ""Unstable angina"", ""Possible NSTEMI / STEMI"", ""Myocarditis"", ""SLE""]","[""Stable angina"", ""Unstable angina"", ""Possible NSTEMI / STEMI"", ""Myocarditis"", ""SLE""]","[""Stable angina"", ""Unstable angina"", ""Possible NSTEMI / STEMI"", ""Myocarditis"", ""SLE""]","[""Stable angina"", ""Unstable angina"", ""Possible NSTEMI / STEMI"", ""Anemia"", ""Myocarditis""]",agreement,llm_mlp_agreement,0.797,0.797,0.7966036796569824,0.667728528380394,0.2110078726724138,3,True,True,True,10,11,agent_stop,False,11,28040,1203,,E_66,Acute COPD exacerbation / infection,0.0938818380236625,Stable angina,1.3973418322986952,0.0246683610743067,0.2445,0.2445,2.0,0.32892,0,10.0,"[""Acute COPD exacerbation / infection"", ""Anemia"", ""Myocarditis"", ""Possible NSTEMI / STEMI"", ""SLE"", ""Stable angina"", ""Unstable angina""]",mlp_conf_ge_0.70_margin_ge_0.20_entropy_le_0.10_stab_0,[],[]
test:107472,24,107472,test,64,M,Tuberculosis,Tuberculosis,Tuberculosis,Tuberculosis,Tuberculosis,Tuberculosis,True,True,True,True,True,"[""Tuberculosis"", ""Viral pharyngitis"", ""Bronchiectasis"", ""Acute laryngitis"", ""URTI""]","[""Tuberculosis"", ""Viral pharyngitis"", ""Bronchiectasis"", ""Acute laryngitis"", ""URTI""]","[""Tuberculosis"", ""Viral pharyngitis"", ""Bronchiectasis"", ""Acute laryngitis"", ""URTI""]","[""Tuberculosis"", ""Viral pharyngitis"", ""Bronchiectasis"", ""Acute laryngitis"", ""URTI""]","[""Tuberculosis"", ""Viral pharyngitis"", ""Bronchiectasis"", ""Acute laryngitis"", ""URTI""]",agreement,llm_mlp_agreement,0.685,0.685,0.6849141716957092,0.3965729773044586,0.1926090204035368,1,True,True,True,7,8,agent_stop,False,8,19410,888,,E_91,Viral pharyngitis,0.2305648624897003,Tuberculosis,2.241379953131088,0.0022932725400707,0.333,0.333,1.8571428571428572,0.2762,0,10.0,"[""Acute COPD exacerbation / infection"", ""Acute laryngitis"", ""Bronchiectasis"", ""Bronchiolitis"", ""Bronchospasm / acute asthma exacerbation"", ""Ebola"", ""Pulmonary neoplasm"", ""Tuberculosis"", ""URTI"", ""Viral pharyngitis""]",mlp_conf_ge_0.70_margin_ge_0.20_entropy_le_0.10_stab_0,[],[]
test:13402,24,13402,test,25,M,URTI,URTI,URTI,URTI,URTI,URTI,True,True,True,True,True,"[""URTI"", ""HIV (initial infection)"", ""Influenza"", ""Pneumonia"", ""Ebola""]","[""URTI"", ""HIV (initial infection)"", ""Influenza"", ""Pneumonia"", ""Ebola""]","[""URTI"", ""HIV (initial infection)"", ""Influenza"", ""Pneumonia"", ""Ebola""]","[""URTI"", ""HIV (initial infection)"", ""Influenza"", ""Pneumonia"", ""Ebola""]","[""URTI"", ""Influenza"", ""Pneumonia"", ""HIV (initial infection)"", ""Ebola""]",agreement,llm_mlp_agreement,0.941,0.941,0.9406657814979552,0.9190315846353768,0.0820684198342439,1,True,True,True,1,2,selected_mlp_stop,True,2,4432,218,,E_144,URTI,0.525677502155304,URTI,0.5950841008794818,0.1775009502700998,0.333,0.333,1.0,0.4863,0,10.0,"[""Acute COPD exacerbation / infection"", ""Acute dystonic reactions"", ""Acute laryngitis"", ""Ebola"", ""HIV (initial infection)"", ""Influenza"", ""Pneumonia"", ""URTI""]",mlp_conf_ge_0.70_margin_ge_0.20_entropy_le_0.10_stab_0,[],[]
test:19424,24,19424,test,62,M,Whooping cough,Whooping cough,Whooping cough,Whooping cough,Whooping cough,Whooping cough,True,True,True,True,True,"[""Whooping cough"", ""Inguinal hernia"", ""Myasthenia gravis"", ""Chagas"", ""HIV (initial infection)""]","[""Whooping cough"", ""Inguinal hernia"", ""Myasthenia gravis"", ""Chagas"", ""HIV (initial infection)""]","[""Whooping cough"", ""Inguinal hernia"", ""Myasthenia gravis"", ""Chagas"", ""HIV (initial infection)""]","[""Whooping cough"", ""Inguinal hernia"", ""Myasthenia gravis"", ""Chagas"", ""HIV (initial infection)""]","[""Whooping cough"", ""Inguinal hernia"", ""Spontaneous rib fracture"", ""Larygospasm"", ""GERD""]",agreement,llm_mlp_agreement,0.998,0.998,0.9976376295089722,0.9964006369700655,0.005272539026817388,0,True,True,True,0,1,agent_stop,False,1,2234,113,,E_166,Whooping cough,0.9999998807907104,Whooping cough,5.022586750254273,9.82007656524786e-07,0.3857,0.3857,,,0,10.0,"[""Chagas"", ""GERD"", ""HIV (initial infection)"", ""Inguinal hernia"", ""Larygospasm"", ""Myasthenia gravis"", ""Spontaneous rib fracture"", ""Whooping cough""]",mlp_conf_ge_0.70_margin_ge_0.20_entropy_le_0.10_stab_0,[],[]
