dataset_name,budget,num_cases,gtpa_at_1,gtpa_at_3,gtpa_at_5,mean_true_rank_capped_11,progress_rate,mean_questions,median_questions,stop_before_budget_rate,graph_resolver_change_rate,graph_discriminator_use_rate,branch_trigger_rate,mean_branch_count,mean_branch_questions,resolver_change_rate,mean_resolver_margin,mean_input_tokens,mean_output_tokens
ddxplus,5,100,0.72,0.8,0.85,2.69,0.39,4.42,5.0,0.34,0.0,0.0,0.17,0.17,0.34,0.01,0.9107278045935259,4325.65,234.2
ddxplus,10,100,0.78,0.84,0.87,2.35,0.48,7.63,9.0,0.59,0.0,0.0,0.32,0.62,1.21,0.0,1.116468059712248,8135.16,472.67
ddxplus,15,100,0.79,0.85,0.89,2.26,0.49,9.69,9.0,0.72,0.0,0.0,0.35,0.7,1.39,0.01,1.1442312319833632,10628.14,581.0
icraft_md,5,100,0.93,1.0,1.0,1.09,0.0,3.1,3.0,0.98,0.0,0.0,0.0,0.0,0.0,0.0,0.87495,4866.51,625.02
icraft_md,10,100,0.94,1.0,1.0,1.09,0.0,4.18,4.0,0.98,0.0,0.0,0.0,0.0,0.0,0.0,0.8758250000000001,6968.2,836.45
icraft_md,15,100,0.93,0.99,1.0,1.1,0.0,5.24,5.0,0.99,0.0,0.0,0.0,0.0,0.0,0.0,0.8758250000000001,9326.82,1049.23
rarebench,5,100,0.7,0.75,0.78,3.18,0.47,3.52,3.0,0.8,0.27,1.0,0.05,0.05,0.1,0.01,1.363449833295467,16383.77,1145.86
rarebench,10,100,0.69,0.75,0.75,3.39,0.46,5.18,4.0,0.89,0.25,1.0,0.09,0.18,0.35,0.01,1.4436650144507663,24394.73,1576.72
rarebench,15,100,0.67,0.75,0.77,3.33,0.46,6.23,5.0,0.95,0.34,1.0,0.13,0.26,0.52,0.02,1.4339559949825587,29656.2,1860.54
