dataset_name,case_id,budget,architecture_mode,ground_truth_diagnosis,predicted_diagnosis,ranked_differential,llm_predicted_diagnosis,llm_ranked_differential,casebase_prior_top_label,casebase_prior_top_score,casebase_prior_margin,casebase_resolver_changed,rarebench_graph_top_label,rarebench_graph_top_score,rarebench_graph_margin,rarebench_graph_visible_phenotypes,rarebench_graph_resolver_changed,rarebench_discriminator_used,rarebench_gate_action,stop_probe_count,early_stop_signal,ddxplus_native_requested_roots,ddxplus_native_stop_rule,ddxplus_mlp_available,ddxplus_mlp_top1,ddxplus_mlp_top5,ddxplus_mlp_confidence,ddxplus_mlp_margin,ddxplus_mlp_entropy,branch_triggered,branch_count,branch_question_count,resolver_margin,resolver_support_count,resolver_changed_top1,confidence,num_questions,stopped_early,stop_reason,correct_top1,gtpa_at_3,gtpa_at_5,true_rank,initial_true_rank,progress_improved,input_tokens,output_tokens,api_calls,run_live_api
ddxplus,test:19782,5,ddxplus_native_structured_root_driver,HIV (initial infection),Pericarditis,"[""Pericarditis"", ""Anemia"", ""Acute otitis media"", ""Panic attack"", ""Viral pharyngitis"", ""URTI"", ""Cluster headache"", ""Pulmonary embolism"", ""Localized edema"", ""GERD""]",Pericarditis,"[""Pericarditis"", ""Anemia"", ""Sarcoidosis"", ""Acute otitis media"", ""Panic attack"", ""Myocarditis"", ""Inguinal hernia"", ""PSVT"", ""HIV (initial infection)"", ""Pneumonia""]",Viral pharyngitis,1.0,0.00831067031746846,False,,0.0,0.0,0,False,False,not_applicable,5,budget_exhausted,"[""E_41"", ""E_25"", ""E_201"", ""E_151"", ""E_3""]",budget_exhausted,True,Pericarditis,"[""Pericarditis"", ""Anemia"", ""Sarcoidosis"", ""Acute otitis media"", ""Panic attack""]",0.14534875750541687,0.05304215848445892,0.8139071497397807,False,0,0,0.09383607277226713,2,False,0.14534875750541687,5,False,budget_exhausted_forced_final,False,False,False,11,11,False,0,0,0,False
ddxplus,test:19782,10,ddxplus_native_structured_root_driver,HIV (initial infection),HIV (initial infection),"[""HIV (initial infection)"", ""Pneumonia"", ""Influenza"", ""URTI"", ""Anaphylaxis"", ""Anemia"", ""Viral pharyngitis"", ""Bronchitis"", ""Acute otitis media"", ""Localized edema""]",HIV (initial infection),"[""HIV (initial infection)"", ""Pneumonia"", ""Influenza"", ""Chagas"", ""SLE"", ""Inguinal hernia"", ""Epiglottitis"", ""Anaphylaxis"", ""Scombroid food poisoning"", ""Pancreatic neoplasm""]",URTI,1.0,0.0807902364090789,False,,0.0,0.0,0,False,False,not_applicable,10,budget_exhausted,"[""E_41"", ""E_25"", ""E_201"", ""E_151"", ""E_3"", ""E_0"", ""E_146"", ""E_129"", ""E_77"", ""E_91""]",budget_exhausted,True,HIV (initial infection),"[""HIV (initial infection)"", ""Pneumonia"", ""Influenza"", ""Chagas"", ""SLE""]",0.875681459903717,0.7733866423368454,0.11594273533527204,False,0,0,0.8827791600545947,3,False,0.875681459903717,10,False,budget_exhausted_forced_final,True,True,True,1,11,True,0,0,0,False
ddxplus,test:19782,15,ddxplus_native_structured_root_driver,HIV (initial infection),HIV (initial infection),"[""HIV (initial infection)"", ""Pneumonia"", ""Influenza"", ""Acute otitis media"", ""Acute COPD exacerbation / infection"", ""Anaphylaxis"", ""Anemia"", ""URTI"", ""Viral pharyngitis"", ""Acute dystonic reactions""]",HIV (initial infection),"[""HIV (initial infection)"", ""Pneumonia"", ""Influenza"", ""Chagas"", ""SLE"", ""Inguinal hernia"", ""Epiglottitis"", ""Anaphylaxis"", ""Scombroid food poisoning"", ""Pancreatic neoplasm""]",URTI,1.0,0.0807902364090789,False,,0.0,0.0,0,False,False,not_applicable,10,ddxplus_native_mlp_stop,"[""E_41"", ""E_25"", ""E_201"", ""E_151"", ""E_3"", ""E_0"", ""E_146"", ""E_129"", ""E_77"", ""E_91""]",ddxplus_native_mlp_stop,True,HIV (initial infection),"[""HIV (initial infection)"", ""Pneumonia"", ""Influenza"", ""Chagas"", ""SLE""]",0.875681459903717,0.7733866423368454,0.11594273533527204,True,2,4,0.15722083994540537,3,False,0.875681459903717,14,True,ddxplus_native_mlp_stop,True,True,True,1,11,True,0,0,0,False
icraft_md,icraft_md:26,5,profile_adapter_branching_resolver,Perniosis,Raynaud disease,"[""Raynaud disease"", ""Cryoglobulinemia,"", ""Perniosis"", ""Chronic myelomonocytic leukemia""]",Raynaud disease,"[""Raynaud disease"", ""Cryoglobulinemia,"", ""Perniosis"", ""Chronic myelomonocytic leukemia""]",,0.0,0.0,False,,0.0,0.0,0,False,False,not_applicable,2,continue,[],not_applicable,False,,[],0.0,0.0,1.0,True,2,3,0.2908333333333335,4,False,0.35,5,False,budget_exhausted_forced_final,False,True,True,3,3,False,0,0,0,False
icraft_md,icraft_md:26,10,profile_adapter_branching_resolver,Perniosis,Raynaud disease,"[""Raynaud disease"", ""Cryoglobulinemia,"", ""Perniosis"", ""Chronic myelomonocytic leukemia""]",Raynaud disease,"[""Raynaud disease"", ""Cryoglobulinemia,"", ""Perniosis"", ""Chronic myelomonocytic leukemia""]",,0.0,0.0,False,,0.0,0.0,0,False,False,not_applicable,2,continue,[],not_applicable,False,,[],0.0,0.0,1.0,True,2,4,0.2908333333333335,4,False,0.35,6,True,history_agent_stop,False,True,True,3,3,False,0,0,0,False
icraft_md,icraft_md:26,15,profile_adapter_branching_resolver,Perniosis,Raynaud disease,"[""Raynaud disease"", ""Cryoglobulinemia,"", ""Perniosis"", ""Chronic myelomonocytic leukemia""]",Raynaud disease,"[""Raynaud disease"", ""Cryoglobulinemia,"", ""Perniosis"", ""Chronic myelomonocytic leukemia""]",,0.0,0.0,False,,0.0,0.0,0,False,False,not_applicable,2,continue,[],not_applicable,False,,[],0.0,0.0,1.0,True,2,4,0.2908333333333335,4,False,0.35,6,True,history_agent_stop,False,True,True,3,3,False,0,0,0,False
rarebench,rarebench:RAMEDIS:477,5,profile_adapter_branching_resolver,Medium chain acyl-CoA dehydrogenase deficiency,Medium chain acyl-CoA dehydrogenase deficiency,"[""Medium chain acyl-CoA dehydrogenase deficiency"", ""Phenylketonuria"", ""Citrullinemia type II"", ""3-Methylcrotonyl-CoA carboxylase deficiency"", ""3-Hydroxy-3-methylglutaryl-CoA lyase deficiency"", ""Methylmalonic acidemia"", ""Biotinidase deficiency"", ""Citrullinemia type I"", ""Maple syrup urine disease"", ""Isovaleric acidemia""]",3-Hydroxy-3-methylglutaryl-CoA lyase deficiency,"[""3-Hydroxy-3-methylglutaryl-CoA lyase deficiency"", ""3-Methylcrotonyl-CoA carboxylase deficiency"", ""3-Methylglutaconic aciduria type I"", ""3-Methylglutaconic aciduria type IV"", ""Acute intermittent porphyria"", ""Alkaptonuria"", ""Argininemia"", ""Argininosuccinic aciduria"", ""Beta-ketothiolase deficiency"", ""Biotinidase deficiency""]",Phenylketonuria,1.0,0.023510960301725503,False,Medium chain acyl-CoA dehydrogenase deficiency,1.0,0.34294871794871795,9,True,True,accepted,2,continue,[],not_applicable,False,,[],0.0,0.0,1.0,True,2,3,0.03308225739964499,4,False,0.35,5,False,budget_exhausted_forced_final,True,True,True,1,3,True,0,0,0,False
rarebench,rarebench:RAMEDIS:477,10,profile_adapter_branching_resolver,Medium chain acyl-CoA dehydrogenase deficiency,Medium chain acyl-CoA dehydrogenase deficiency,"[""Medium chain acyl-CoA dehydrogenase deficiency"", ""Phenylketonuria"", ""Citrullinemia type II"", ""3-Methylcrotonyl-CoA carboxylase deficiency"", ""3-Hydroxy-3-methylglutaryl-CoA lyase deficiency"", ""Methylmalonic acidemia"", ""Biotinidase deficiency"", ""Citrullinemia type I"", ""Maple syrup urine disease"", ""Isovaleric acidemia""]",3-Hydroxy-3-methylglutaryl-CoA lyase deficiency,"[""3-Hydroxy-3-methylglutaryl-CoA lyase deficiency"", ""3-Methylcrotonyl-CoA carboxylase deficiency"", ""3-Methylglutaconic aciduria type I"", ""3-Methylglutaconic aciduria type IV"", ""Acute intermittent porphyria"", ""Alkaptonuria"", ""Argininemia"", ""Argininosuccinic aciduria"", ""Beta-ketothiolase deficiency"", ""Biotinidase deficiency""]",Phenylketonuria,1.0,0.023510960301725503,False,Medium chain acyl-CoA dehydrogenase deficiency,1.0,0.34294871794871795,9,True,True,accepted,2,continue,[],not_applicable,False,,[],0.0,0.0,1.0,True,2,4,0.03308225739964499,4,False,0.35,6,True,history_agent_stop,True,True,True,1,3,True,0,0,0,False
rarebench,rarebench:RAMEDIS:477,15,profile_adapter_branching_resolver,Medium chain acyl-CoA dehydrogenase deficiency,Medium chain acyl-CoA dehydrogenase deficiency,"[""Medium chain acyl-CoA dehydrogenase deficiency"", ""Phenylketonuria"", ""Citrullinemia type II"", ""3-Methylcrotonyl-CoA carboxylase deficiency"", ""3-Hydroxy-3-methylglutaryl-CoA lyase deficiency"", ""Methylmalonic acidemia"", ""Biotinidase deficiency"", ""Citrullinemia type I"", ""Maple syrup urine disease"", ""Isovaleric acidemia""]",3-Hydroxy-3-methylglutaryl-CoA lyase deficiency,"[""3-Hydroxy-3-methylglutaryl-CoA lyase deficiency"", ""3-Methylcrotonyl-CoA carboxylase deficiency"", ""3-Methylglutaconic aciduria type I"", ""3-Methylglutaconic aciduria type IV"", ""Acute intermittent porphyria"", ""Alkaptonuria"", ""Argininemia"", ""Argininosuccinic aciduria"", ""Beta-ketothiolase deficiency"", ""Biotinidase deficiency""]",Phenylketonuria,1.0,0.023510960301725503,False,Medium chain acyl-CoA dehydrogenase deficiency,1.0,0.34294871794871795,9,True,True,accepted,2,continue,[],not_applicable,False,,[],0.0,0.0,1.0,True,2,4,0.03308225739964499,4,False,0.35,6,True,history_agent_stop,True,True,True,1,3,True,0,0,0,False
