case_id,dataset_name,initial_patient_info,hidden_full_profile,ground_truth_diagnosis,candidate_disease_list,metadata
test:18312,ddxplus,"Age: 0
Sex: F
Initial finding: Have you had significantly increased sweating? Answer: yes.","Age: 0.
Sex: F.
Known patient findings from the hidden profile:
- Have you had significantly increased sweating? Answer: yes.
- Do you have pain somewhere, related to your reason for consulting? Answer: yes.
- Characterize your pain: Answer: sensitive.
- Characterize your pain: Answer: heavy.
- Characterize your pain: Answer: exhausting.
- Do you feel pain somewhere? Answer: back of the neck.
- Do you feel pain somewhere? Answer: side of the neck(R).
- Do you feel pain somewhere? Answer: side of the neck(L).
- Do you feel pain somewhere? Answer: top of the head.
- Do you feel pain somewhere? Answer: occiput.
- How intense is the pain? Answer: 6.
- Does the pain radiate to another location? Answer: nowhere.
- How precisely is the pain located? Answer: 6.
- How fast did the pain appear? Answer: 2.
- Do you smoke cigarettes? Answer: yes.
- Do you feel so tired that you are unable to do your usual activities or are you stuck in your bed all day long? Answer: yes.
- Do you have a fever (either felt or measured with a thermometer)? Answer: yes.
- Do you have a sore throat? Answer: yes.
- What color is the rash? Answer: NA.
- Do your lesions peel off? Answer: N.
- Is the rash swollen? Answer: 0.
- Where is the affected region located? Answer: nowhere.
- How intense is the pain caused by the rash? Answer: 0.
- Is the lesion (or are the lesions) larger than 1cm? Answer: N.
- How severe is the itching? Answer: 0.
- Do you have diffuse (widespread) muscle pain? Answer: yes.
- Have you recently had a loss of appetite or do you get full more quickly then usually? Answer: yes.
- Do you have a cough? Answer: yes.
- Have you traveled out of the country in the last 4 weeks? Answer: N.
- Are you immunosuppressed? Answer: yes.",Influenza,"[""Acute COPD exacerbation / infection"", ""Acute dystonic reactions"", ""Acute laryngitis"", ""Acute otitis media"", ""Acute pulmonary edema"", ""Acute rhinosinusitis"", ""Allergic sinusitis"", ""Anaphylaxis"", ""Anemia"", ""Atrial fibrillation"", ""Boerhaave"", ""Bronchiectasis"", ""Bronchiolitis"", ""Bronchitis"", ""Bronchospasm / acute asthma exacerbation"", ""Chagas"", ""Chronic rhinosinusitis"", ""Cluster headache"", ""Croup"", ""Ebola"", ""Epiglottitis"", ""GERD"", ""Guillain-Barr\u00e9 syndrome"", ""HIV (initial infection)"", ""Influenza"", ""Inguinal hernia"", ""Larygospasm"", ""Localized edema"", ""Myasthenia gravis"", ""Myocarditis"", ""PSVT"", ""Pancreatic neoplasm"", ""Panic attack"", ""Pericarditis"", ""Pneumonia"", ""Possible NSTEMI / STEMI"", ""Pulmonary embolism"", ""Pulmonary neoplasm"", ""SLE"", ""Sarcoidosis"", ""Scombroid food poisoning"", ""Spontaneous pneumothorax"", ""Spontaneous rib fracture"", ""Stable angina"", ""Tuberculosis"", ""URTI"", ""Unstable angina"", ""Viral pharyngitis"", ""Whooping cough""]","{""age"": 0, ""sex"": ""F"", ""official_differential"": [""Influenza"", ""Pneumonia"", ""URTI"", ""HIV (initial infection)"", ""Bronchitis"", ""Acute otitis media"", ""Chagas"", ""Tuberculosis"", ""Anemia""], ""initial_evidence"": ""E_50"", ""source"": ""ddxplus_structured_to_profile_v1""}"
icraft_md:55,icraft_md,"Age: 50 years
Sex: female
Chief complaint: A 50-year-old woman presents with a 5-day history of progressive, painful rash involving her face, trunk, extremities, nasal tip, and ears, in addition to fever and arthralgia","- A 50-year-old woman presents with a 5-day history of progressive, painful rash involving her face, trunk, extremities, nasal tip, and ears, in addition to fever and arthralgia
- She admits to a history of polysubstance use and states that her last use was a week prior to symptom onset
- She denies a history of autoimmune disease or recent travel
- Examination reveals retiform purpura with areas of necrosis and bullae formation
- Urine toxicology screening is positive for cocaine, and laboratory findings include leukopenia and an elevated erythrocyte sedimentation rate (70 mm/h).
- 1. A 50-year-old woman presents with a rash.
- 2. The rash has been progressing for 5 days.
- 3. The rash is painful.
- 4. The rash involves the woman's face.
- 5. The rash involves the woman's trunk.
- 6. The rash involves the woman's extremities.
- 7. The rash involves the woman's nasal tip.
- 8. The rash involves the woman's ears.
- 9. The woman has a fever.
- 10. The woman has arthralgia.
- 11. The woman admits to a history of polysubstance use.
- 12. The woman's last substance use was one week before symptom onset.
- 13. The woman denies a history of autoimmune disease.
- 14. The woman denies recent travel.
- 15. Examination reveals retiform purpura.
- 16. Examination reveals areas of necrosis.
- 17. Examination reveals bullae formation.
- 18. The woman's urine toxicology screening is positive for cocaine.
- 19. The woman has leukopenia.
- 20. The woman has an elevated erythrocyte sedimentation rate of 70 mm/h.",Levamisole-induced antineutrophil cytoplasmic antibody vasculitis,"[""AELE unrelated to zinc deficiency"", ""Abscesses"", ""Acanthoma fissuratum"", ""Acanthosis nigricans"", ""Acne rosacea"", ""Acne vulgaris"", ""Acquired digital fibrokeratoma (ADFK)"", ""Acral lentiginous melanoma"", ""Acral melanoma"", ""Acral nevi"", ""Acrochordon"", ""Acrodermatitis continua of Hallopeau"", ""Acrodermatitis continua supperativa"", ""Acrodermatitis enteropathica"", ""Acrodermatitis enteropathica-like eruption (AELE)"", ""Actinic keratosis"", ""Acute Generalized Exanthematous Pustulosis"", ""Acute contact dermatitis"", ""Addison disease"", ""Adult-onset asthma with periocular xanthogranuloma"", ""Adult-onset xanthogranuloma"", ""Allergic contact dermatitis"", ""Alopecia"", ""Alopecia areata"", ""Amelanotic melanoma"", ""Amyloidosis cutis dyschromica"", ""Androgenetic alopecia"", ""Anetoderma"", ""Anetoderma associated with SLE"", ""Angiolipoma"", ""Animal pox infection"", ""Arterial ulcer"", ""Ataxia-telangiectasia"", ""Atopic dermatitis"", ""Atypical fibroxanthoma"", ""Autoimmune bullous dermatoses"", ""Bacillary angiomatosis"", ""Bacterial endocarditis"", ""Bacterial sepsis"", ""Bandler syndrome"", ""Basal cell carcinoma"", ""Bazex-Dupre-Christol syndrome"", ""Becker nevus"", ""Birt-Hogg-Dube syndrome"", ""Blastomycosis"", ""Bloom syndrome"", ""Bowen\u2019s disease"", ""Brittle nails"", ""Bullosis diabeticorum"", ""Bullous arthropod assault"", ""Bullous arthropod bites"", ""Bullous erythema multiforme"", ""Bullous impetigo"", ""Bullous leukocytoclastic vasculitis"", ""Bullous pemphigoid"", ""Caf\u00e9 au lait macules"", ""Calluses"", ""Cellulitis"", ""Central centrifugal cicatricial alopecia"", ""Chancroid"", ""Chemical burn"", ""Chilblains"", ""Cholestatic pruritus"", ""Chondrodermatitis nodularis helicis"", ""Chromomycosis"", ""Chronic eczema"", ""Chronic liver disease"", ""Chronic myelomonocytic leukemia"", ""Chronic paronychia"", ""Confluent and reticulated papillomatosis"", ""Congenital melanocytic nevi"", ""Congenital melanocytic nevus"", ""Congenital nipple inversion"", ""Congenital smooth muscle hamartomas"", ""Conradi-H\u00fcnermann-Happle syndrome"", ""Contact dermatitis"", ""Corticosteroid-induced atrophy"", ""Cryoglobulinemia"", ""Cutaneous Langerhans cell histiocytosis"", ""Cutaneous anthrax"", ""Cutaneous horn"", ""Cutaneous leishmaniasis"", ""Cutaneous lupus"", ""Cutaneous lupus erythematosus"", ""Cutaneous sarcoidosis"", ""Cutis laxa"", ""Cystic pleomorphic adenomas"", ""DNA Repair Syndromes"", ""Darier disease"", ""Dermatitis"", ""Dermatofibroma"", ""Dermatofibrosarcoma protuberans"", ""Dermatomyositis"", ""Dermatosis papulosa nigra"", ""Diabetic dermopathy"", ""Discoid lupus"", ""Discoid lupus erythematosus"", ""Disseminated intravascular coagulation"", ""Dowling-Degos disease"", ""Drug reaction with eosinophilia and systemic symptoms"", ""Drug-induced hypersensitivity syndrome"", ""Drug-induced photosensitivity"", ""Drug-induced pigmentation"", ""Duct ectasia"", ""Dyshidrosis"", ""Dyshidrotic eczema"", ""Dysplastic nevi"", ""Dysplastic nevus"", ""EBS-Dowling Meara"", ""ENPP1-mediated premature arterial calcification"", ""Eczema"", ""Eczema coxsackium"", ""Eczema herpeticum"", ""Ehlers Danlos Syndrome"", ""Ehlers-Danlos syndrome"", ""Epidermal nevus"", ""Epidermodysplasia verruciformis"", ""Epidermolysis bullosa"", ""Epidermolytic hyperkeratosis"", ""Equestrian perniosis"", ""Erdheim-Chester disease"", ""Erysipelas"", ""Erythema dyschromicum perstans"", ""Erythema induratum"", ""Erythema migrans"", ""Erythema multiforme major"", ""Erythema nodosum"", ""Erythrasma"", ""Extramammary Paget disease"", ""Facial demodicosis"", ""Familial dyskeratotic comedones"", ""Fibrous papule"", ""Fixed drug eruption"", ""Foreign body granuloma"", ""Fragile X Syndrome"", ""Frostbite"", ""Fungal infection"", ""GGXC-mediated coagulation factor deficiency"", ""Ganglion cyst"", ""Gangrene"", ""Geographic tongue"", ""Gianotti-Crosti syndrome"", ""Glomus tumor"", ""Glomus tumors"", ""Granuloma annulare"", ""Grover disease"", ""Guttate lichen sclerosus"", ""Guttate psoriasis"", ""Hailey-Hailey Disease"", ""Hailey-Hailey disease"", ""Hair-thread tourniquet syndrome"", ""Halo nevus"", ""Hematomas"", ""Henoch-Scholein vasculitis"", ""Hereditary hemorrhagic telangiectasia"", ""Herpes"", ""Herpes simplex viral lesions"", ""Herpes virus infection"", ""Herpes zoster"", ""Herpetic gingivostomatitis"", ""Herpetic whitlow"", ""Hidradenitis suppurativa"", ""Hidrocystoma"", ""Hidrocystomas"", ""Histoplasmosis"", ""Hodgkin lymphoma"", ""Hydroxychloroquine-induced hyperpigmentation"", ""Hypertrophic lichen planus"", ""Hypertrophic scar"", ""Hypohidrotic ectodermal dysplasia"", ""Ichthyosis vulgaris"", ""IgA vasculitis"", ""IgA-mediated small vessel vasculitis"", ""Immunobullous disease"", ""Impetigo"", ""Inflamed sebacous cysts"", ""Intertrigo"", ""Intradermal nevus"", ""Inverse psoriasis"", ""Irritant contact dermatitis"", ""Jacquet's dermatitis"", ""Junctional EB"", ""Juvenile dermatomyositis"", ""Juvenile spring eruption"", ""Juvenile xanthogranuloma"", ""Kaposi sarcoma"", ""Keloid"", ""Keloids"", ""Keratoacanthoma"", ""Keratoderma blenorrhagicum"", ""Keratoderma climactericum"", ""Keratolysis exfoliativa"", ""Keratosis pilaris"", ""Lamellar ichthyosis"", ""Langerhans cell histiocytosis"", ""Laugier-Hunziker syndrome"", ""Leishmaniasis"", ""Lentigines"", ""Leprosy"", ""Levamisole-induced antineutrophil cytoplasmic antibody vasculitis"", ""Lichen amyloidosis"", ""Lichen nitidus"", ""Lichen planus"", ""Lichen sclerosus"", ""Lichen sclerosus et atrophicus"", ""Lichen simplex chronicus"", ""Lichen striatus"", ""Lichenoid drug eruption"", ""Lipodermatosclerosis"", ""Lipoma"", ""Lobular capillary hemangioma"", ""Localized granuloma annulare"", ""Localized pruritus"", ""Lupus"", ""Lupus erythematosus"", ""Lupus profundus"", ""Lymphogranuloma venereum"", ""Lymphomatoid papulosis"", ""Macular amyloidosis"", ""Maculopapular drug eruption"", ""Marshall syndrome"", ""Mastocytoma"", ""McCune-Albright Syndrome"", ""McCune-Albright syndrome"", ""Median rhomboid glossitis"", ""Medication induced hyperpigmentation"", ""Melanocytic nevi"", ""Melanoma"", ""Melanonychia"", ""Melasma"", ""Meningococcemia"", ""Mid-dermal elastolysis"", ""Molluscum contagiosum"", ""Morbilliform eruption"", ""Morphea"", ""Mucous retention cysts"", ""Multiple endocrine neoplasia type 1"", ""Mycoplasma pneumoniae-induced rash and mucositis"", ""Mycosis fungoides"", ""Myiasis"", ""Necrobiosis lipoidica"", ""Necrobiosis lipoidica diabeticorum"", ""Necrobiotic xanthogranuloma (NXG)"", ""Nephrogenic systemic fibrosis"", ""Neurofibromatosis Type I"", ""Neurofibromatosis Type II"", ""Neurofibromatosis type 1"", ""Nevus comedonicus"", ""Nevus depigmentosus"", ""Nevus sebaceous"", ""Nicolau-Balus syndrome"", ""Nipple hyperkeratosis"", ""Nipple inversion secondary to neglected malignancy"", ""Nocardiosis"", ""Nodulocystic basal cell carcinoma"", ""Noonan Syndrome"", ""Nummular Eczema"", ""Nummular dermatitis"", ""Nummular eczema"", ""Onychomycosis"", ""Palmar lichen planus"", ""Palmar plantar pustulosis"", ""Paresthetica"", ""Paronychia"", ""Pellagra"", ""Pemphigus foliaceus"", ""Pemphigus vegetans"", ""Pemphigus vulgaris"", ""Periductal mastitis"", ""Perifollicular elastolysis"", ""Perioral dermatitis"", ""Perniosis"", ""Peutz-Jeghers syndrome"", ""Photoallergic skin reaction"", ""Photodermatitis"", ""Photolichenoid drug eruption"", ""Phototoxic skin reaction"", ""Phytophotodermatitis"", ""Pigmented purpuric dermatoses"", ""Pigmented villonodular synovitis"", ""Pilar cyst"", ""Pilomatricoma"", ""Pityriasis lichenoides chronica"", ""Pityriasis lichenoides et varioliformis acuta"", ""Pityriasis lichenoides et varioliformis acuta (PLEVA)"", ""Pityriasis rosea"", ""Plexiform neurofibroma"", ""Poison ivy allergic contact dermatitis"", ""Polymorphous light eruption"", ""Post-inflammatory elastolysis"", ""Post-inflammatory hyperpigmentation"", ""Postinflammatory hyperpigmentation"", ""Postinflammatory hypomelanosis"", ""Pressure bullae (coma bullae)"", ""Pretibial myxedema"", ""Proderma gangraneosum"", ""Prurigo nodular"", ""Prurigo nodularis"", ""Prurigo pigmentosa"", ""Pseudoainhum"", ""Pseudomonas nail infection"", ""Pseudoxanthoma elasticum"", ""Psoriasis"", ""Psoriasis vulgaris"", ""Pustular psoriasis"", ""Pyoderma"", ""Pyoderma grangrenosum"", ""Pyogenic granuloma"", ""Raynaud disease"", ""Renal pruritus"", ""Rheumatoid arthritis"", ""Rombo syndrome"", ""Rosacea"", ""Sarcoidosis"", ""Scabies"", ""Scabies infestation"", ""Schnitzler syndrome"", ""Schwannomas"", ""Sch\u00f6pf-Schulz-Passarge syndrome"", ""Scleredema"", ""Scleroderma"", ""Scleroderma (systemic sclerosis)"", ""Scleromyxedema"", ""Scurvy"", ""Seborrheic dermatitis"", ""Seborrheic keratosis"", ""Secondary syphilis"", ""Segmental acne"", ""Senile nails"", ""Severe recessive dystrophic EB"", ""Shingles"", ""Shoe dermatitis"", ""Small plaque parapsoriasis"", ""Solar lentigo"", ""Solitary mastocytoma"", ""Spiradenoma"", ""Spitz nevus"", ""Squamous cell carcinoma"", ""Squamous cell carcinoma in situ"", ""Staphylococcal infection"", ""Stevens-Johnson syndrome"", ""Stiff-skin syndrome"", ""Subacute cutaneous lupus erythematosus"", ""Subcutaneous panniculitis-like T-cell lymphoma"", ""Subepidermal bullae"", ""Subungual hematoma"", ""Subungual melanoma"", ""Sweet syndrome"", ""Synovial cyst"", ""Synovial sarcoma"", ""Syphilis"", ""Syphilitic alopecia"", ""Syringocystadenoma papilliferum."", ""Systemic lupus erythematosus"", ""Systemic sclerosis"", ""S\u00e9zary syndrome"", ""Telogen effluvium"", ""Thrombocytopenic purpura"", ""Tinea"", ""Tinea capitis"", ""Tinea corporis"", ""Tinea incognito"", ""Tinea nigra"", ""Tinea versicolor"", ""Toxicodendron dermatitis"", ""Trachyonychia"", ""Traumatic lesions"", ""Traumatic wound"", ""Trichodento-osseous syndrome"", ""Trichofolliculoma"", ""Trichotillomania"", ""Tuberous sclerosis complex"", ""Type I minocycline hyperpigmentation"", ""Type II minocycline hyperpigmentation"", ""Type III minocycline hyperpigmentation"", ""Ulceroglandular tularemia"", ""Ulcers"", ""Urticarial vasculitis"", ""Varicella"", ""Varicella zoster virus infection"", ""Vascular hemorrhage"", ""Venous ulcer"", ""Vitiligo"", ""Warfarin-induced skin necrosis"", ""Warthin tumors"", ""Witkop tooth and nail syndrome"", ""X-linked ichthyosis"", ""Xanthelasma"", ""Xanthogranuloma"", ""Zosteriform herpes simplex"", ""neuroma""]","{""source_path"": ""/Users/alfred/Documents/baseline_model/external/meddxagent/ddxdriver/benchmarks/data/icraftmd/all_craft_md.jsonl"", ""source"": ""meddxagent_icraftmd_jsonl_v1"", ""answer_idx"": ""D""}"
rarebench:LIRICAL:289,rarebench,"- High palate
- Microcephaly
- Macrotia
- Sensorineural hearing impairment","- High palate
- Microcephaly
- Macrotia
- Sensorineural hearing impairment
- Convex nasal ridge
- Deeply set eye
- Microphthalmia
- Large hands
- Intellectual disability
- Cerebellar hypoplasia
- Scoliosis
- Thickened calvaria
- Kyphosis
- Limb joint contracture
- Short stature
- Bilateral intracerebral calcifications
- Postnatal growth retardation
- Nasogastric tube feeding in infancy",Cockayne syndrome,"[""3-Hydroxy-3-methylglutaryl-CoA lyase deficiency"", ""3-Methylcrotonyl-CoA carboxylase deficiency"", ""3-Methylglutaconic aciduria type I"", ""3-Methylglutaconic aciduria type IV"", ""3-Methylglutaconic aciduria with deafness, encephalopathy, and leigh-like syndrome"", ""AGel amyloidosis"", ""Aarskog-Scott syndrome"", ""Acromesomelic dysplasia, Maroteaux type"", ""Acromicric dysplasia"", ""Acute intermittent porphyria"", ""Al Kaissi syndrome"", ""Alacrimia-choreoathetosis-liver dysfunction syndrome"", ""Alagille syndrome"", ""Alkaptonuria"", ""Alpha-thalassemia-X-linked intellectual disability syndrome"", ""Alzheimer disease"", ""Amyotrophic lateral sclerosis"", ""Antiphospholipid syndrome"", ""Antisynthetase syndrome"", ""Apert syndrome"", ""Argininemia"", ""Argininosuccinic aciduria"", ""Arthrogryposis, distal, with impaired proprioception and touch"", ""Ataxia-oculomotor apraxia type 1"", ""Ataxia-pancytopenia syndrome"", ""Autoimmune lymphoproliferative syndrome"", ""Autoimmune polyendocrinopathy type 1"", ""Autosomal recessive primary microcephaly"", ""Bamforth-Lazarus syndrome"", ""Bardet-Biedl syndrome"", ""Bartter syndrome"", ""Beaulieu-Boycott-Innes syndrome"", ""Beh\u00e7et disease"", ""Bernard-Soulier syndrome"", ""Beta-ketothiolase deficiency"", ""Bethlem myopathy"", ""Bilateral frontoparietal polymicrogyria"", ""Biotinidase deficiency"", ""Bleeding disorder, platelet-type, 15"", ""Bleeding disorder, platelet-type, 17"", ""Boucher-Neuhauser syndrome"", ""Branchio-oculo-facial syndrome"", ""Brugada Syndrome"", ""Buerger disease"", ""CEDNIK syndrome"", ""CHARGE syndrome"", ""CODAS syndrome"", ""CTCF-related neurodevelopmental disorder"", ""Camurati-Engelmann disease"", ""Canavan disease"", ""Carbamoyl-phosphate synthetase 1 deficiency"", ""Cardiofaciocutaneous syndrome"", ""Carnitine palmitoyltransferase I deficiency"", ""Carnitine palmitoyltransferase II deficiency"", ""Carnitine-acylcarnitine translocase deficiency"", ""Cataract-growth hormone deficiency-sensory neuropathy-sensorineural hearing loss-skeletal dysplasia syndrome"", ""Catecholaminergic polymorphic ventricular tachycardia"", ""Centronuclear myopathy"", ""Cerebellar ataxia-areflexia-pes cavus-optic atrophy-sensorineural hearing loss syndrome"", ""Cerebral creatine deficiency syndrome"", ""Cerebrocostomandibular syndrome"", ""Charcot-Marie-Tooth disease"", ""Chitayat syndrome"", ""Choreoacanthocytosis"", ""Chronic mucocutaneous candidiasis"", ""Chudley-Mccullough syndrome"", ""Ch\u00e9diak-Higashi syndrome"", ""Citrullinemia"", ""Citrullinemia type I"", ""Citrullinemia type II"", ""Classic galactosemia"", ""Cleidocranial dysplasia"", ""Cockayne syndrome"", ""Cohen syndrome"", ""Combined immunodeficiency-enteropathy spectrum"", ""Combined oxidative phosphorylation deficiency 30"", ""Cone rod dystrophy"", ""Congenital adrenal hyperplasia"", ""Congenital contractural arachnodactyly"", ""Congenital disorder of glycosylation, type IIP"", ""Congenital disorder of glycosylation, type IIh"", ""Congenital disorder of glycosylation, type Il"", ""Congenital hyperinsulinism"", ""Congenital myasthenic syndrome"", ""Congenital nephrotic syndrome, Finnish type"", ""Congenital secretory diarrhea"", ""Cornelia de Lange syndrome"", ""Cortical dysplasia, complex, with other brain malformations 7"", ""Craniofrontonasal dysplasia"", ""Cryoglobulinemic vasculitis"", ""Cryopyrin-associated periodic syndrome"", ""Cutis laxa, autosomal recessive, type IA"", ""Cutis laxa, autosomal recessive, type IIB"", ""Cutis laxa, autosomal recessive, type IIC"", ""Cutis laxa, autosomal recessive, type IID"", ""Cystinuria"", ""D-2-hydroxyglutaric aciduria"", ""DYRK1A-related intellectual disability syndrome"", ""Desmosterolosis"", ""Developmental and epileptic encephalopathy 14"", ""Developmental and epileptic encephalopathy 28"", ""Diamond-Blackfan anemia"", ""Dihydropyrimidine dehydrogenase deficiency"", ""Dihydropyrimidinuria"", ""Dilated cardiomyopathy 1G"", ""Distal myopathy, Tateyama type"", ""Donohue syndrome"", ""Dopa-responsive dystonia"", ""Dyggve-Melchior-Clausen disease"", ""Dyskeratosis congenita"", ""Ectodermal dysplasia 9, Hair/nail type"", ""Ehlers-Danlos syndrome"", ""Elliptocytosis 2"", ""Emery-Dreifuss muscular dystrophy"", ""Eosinophilic granulomatosis with polyangiitis"", ""Epidermolysis bullosa, junctional, Herlitz type"", ""Epidermolytic palmoplantar keratoderma"", ""Epilepsy, focal, with speech disorder and mental retardation"", ""Epileptic encephalopathy, early infantile, 4"", ""Fabry disease"", ""Familial Mediterranean fever"", ""Fanconi anemia"", ""Fanconi-Bickel syndrome"", ""Felty syndrome"", ""Fibrodysplasia ossificans progressiva"", ""Focal segmental glomerulosclerosis"", ""Freeman-Sheldon syndrome"", ""Fructose-1,6-bisphosphatase deficiency"", ""GAPO syndrome"", ""GM1-gangliosidosis, type III"", ""Galactosemia"", ""Galactosialidosis"", ""Galloway-Mowat syndrome"", ""Gaucher disease"", ""Geleophysic dysplasia"", ""Giant Cell Arteritis"", ""Glutaric acidemia type I"", ""Glutathione synthetase deficiency"", ""Glycerol kinase deficiency"", ""Glycogen storage disease VI"", ""Glycogen storage disease type III"", ""Glycogen storage disease type IX"", ""Glycogen storage disease type Ia"", ""Glycogen storage disease type Ib"", ""Granulomatosis with polyangiitis"", ""Gyrate atrophy of choroid and retina"", ""Hajdu-Cheney syndrome"", ""Hawkinsinuria"", ""Hemophagocytic lymphohistiocytosis"", ""Hereditary fructose intolerance"", ""Hereditary neuropathy with liability to pressure palsies"", ""Hereditary sensory and autonomic neuropathy type IIB"", ""Hereditary spherocytosis"", ""Heterotaxy syndrome"", ""Holocarboxylase synthetase deficiency"", ""Holoprosencephaly"", ""Homocystinuria"", ""Hyaline fibromatosis syndrome"", ""Hyper-IgE syndrome"", ""Hyperekplexia"", ""Hyperphenylalaninemia"", ""Hypochondroplasia"", ""Hypomyelinating leukodystrophy"", ""Hypophosphatasia"", ""Hypotrichosis with juvenile macular degeneration"", ""Ichthyosis-hypotrichosis syndrome"", ""IgG4-related disease"", ""Imerslund-Gr\u00e4sbeck syndrome"", ""Immunoglobulin A vasculitis"", ""Immunoskeletal dysplasia with neurodevelopmental abnormalities"", ""Inclusion body myopathy with Paget disease of bone and frontotemporal dementia"", ""Intellectual developmental disorder with dysmorphic facies and behavioral abnormalities"", ""Intellectual developmental disorder with dysmorphic facies and ptosis"", ""Intellectual developmental disorder with dysmorphic facies, seizures, and distal limb anomalies"", ""Isovaleric acidemia"", ""Jervell and Lange-Nielsen syndrome"", ""Joubert syndrome"", ""Kabuki syndrome"", ""Kimura disease"", ""Krabbe disease"", ""Kufor-Rakeb syndrome"", ""L-2-hydroxyglutaric aciduria"", ""Larsen syndrome"", ""Leukocyte adhesion deficiency type II"", ""Leukocyte adhesion deficiency, type I"", ""Leukocyte adhesion deficiency, type III"", ""Limb-girdle muscular dystrophy"", ""Loeys-Dietz syndrome"", ""Long QT syndrome 14"", ""Long QT syndrome 15"", ""Lowe syndrome"", ""Mandibulofacial dysostosis-microcephaly syndrome"", ""Maple syrup urine disease"", ""Marfan syndrome"", ""Maturity-onset diabetes of the young"", ""Medium chain acyl-CoA dehydrogenase deficiency"", ""Megalocornea"", ""Mental retardation, autosomal recessive 18"", ""Mental retardation, autosomal recessive 38"", ""Methylmalonate semialdehyde dehydrogenase deficiency"", ""Methylmalonic acidemia"", ""Microcephalic cortical malformations-short stature due to RTTN deficiency"", ""Microcephaly 3, primary, autosomal recessive"", ""Microcephaly 5, primary, autosomal recessive"", ""Microcephaly, primary autosomal recessive, 6"", ""Microcephaly-capillary malformation syndrome"", ""Mitochondrial DNA depletion syndrome 3"", ""Mitochondrial complex IV deficiency"", ""Muckle-Wells syndrome"", ""Mucolipidosis type II"", ""Mucolipidosis type IV"", ""Mucopolysaccharidosis type II"", ""Muenke syndrome"", ""Multiple endocrine neoplasia type 1"", ""Multiple endocrine neoplasia, type IIA"", ""Myhre syndrome"", ""Myotonia congenita"", ""N-acetylglutamate synthase deficiency"", ""Nail-patella syndrome"", ""Nance-Horan syndrome"", ""Nemaline myopathy"", ""Neonatal severe encephalopathy with lactic acidosis and brain abnormalities"", ""Neurodegeneration with brain iron accumulation 2B"", ""Neurodevelopmental disorder with or without anomalies of the brain, eye, or heart"", ""Neurofibromatosis type 1"", ""Neuronal ceroid lipofuscinosis"", ""Niemann-Pick disease type C"", ""Nijmegen breakage syndrome"", ""Noonan syndrome"", ""Oculocutaneous albinism type 2"", ""Oculocutaneous albinism type 3"", ""Oliver-Mcfarlane syndrome"", ""Ornithine transcarbamylase deficiency"", ""Orofaciodigital syndrome type 5"", ""Orotic aciduria"", ""Osteogenesis imperfecta"", ""Osteogenesis imperfecta, type IX"", ""Osteogenesis imperfecta, type VIII"", ""Osteogenesis imperfecta, type XI"", ""Osteogenesis imperfecta, type XII"", ""Osteogenesis imperfecta, type XIV"", ""PLAA-associated neurodevelopmental disorder"", ""PMM2-CDG"", ""Palmoplantar keratoderma, punctate type IA"", ""Pantothenate kinase-associated neurodegeneration"", ""Papillon-Lef\u00e8vre syndrome"", ""Parkinson disease 15, autosomal recessive early-onset"", ""Parkinson disease 23, autosomal recessive early-onset"", ""Parkinson disease 7, autosomal recessive early-onset"", ""Pearson syndrome"", ""Perrault syndrome"", ""Phenylketonuria"", ""Pierpont syndrome"", ""Poikiloderma with neutropenia"", ""Polymyositis"", ""Poretti-Boltshauser syndrome"", ""Primary carnitine deficiency"", ""Primary erythromelalgia"", ""Primary hyperoxaluria type 2"", ""Progressive familial intrahepatic cholestasis 4"", ""Propionic acidemia"", ""Pseudoachondroplasia"", ""Recurrent metabolic encephalomyopathic crises-rhabdomyolysis-cardiac arrhythmia-intellectual disability syndrome"", ""Refsum disease"", ""Relapsing polychondritis"", ""Retinitis pigmentosa"", ""Rett syndrome"", ""Robinow syndrome"", ""Rubinstein-Taybi syndrome"", ""SAPHO syndrome"", ""STAR syndrome"", ""Sarcoidosis"", ""Schinzel-Giedion syndrome"", ""Scleroderma, familial progressive"", ""Severe combined immunodeficiency due to adenosine deaminase deficiency"", ""Severe congenital neutropenia"", ""Short chain acyl-CoA dehydrogenase deficiency"", ""Short syndrome"", ""Shprintzen-Goldberg syndrome"", ""Sick sinus syndrome"", ""Sj\u00f6gren syndrome"", ""Skraban-Deardorff syndrome"", ""Smith-Kingsmore syndrome"", ""Smith-Lemli-Opitz syndrome"", ""Smith-Magenis syndrome"", ""Spastic paraplegia 10, autosomal dominant"", ""Spastic paraplegia 45, autosomal recessive"", ""Spastic paraplegia 7, autosomal recessive"", ""Spastic paraplegia 76, autosomal recessive"", ""Spinal muscular atrophy with progressive myoclonic epilepsy"", ""Spinocerebellar ataxia, autosomal recessive 20"", ""Spondyloarthropathy"", ""Spondylocostal dysostosis"", ""Spondyloepimetaphyseal dysplasia with joint laxity"", ""Spondylometaphyseal dysplasia, Sedaghatian type"", ""Stankiewicz-Isidor syndrome"", ""Stickler syndrome"", ""Succinic semialdehyde dehydrogenase deficiency"", ""Systemic lupus erythematosus"", ""Systemic sclerosis"", ""TBCK-related intellectual disability syndrome"", ""Takayasu arteritis"", ""Temtamy preaxial brachydactyly syndrome"", ""Thrombocytopenia 3"", ""Thrombotic thrombocytopenic purpura"", ""Tietz syndrome"", ""Townes-Brocks syndrome"", ""Treacher Collins syndrome"", ""Trichohepatoenteric syndrome"", ""Trichorhinophalangeal syndrome, type I"", ""Trichothiodystrophy"", ""Tuberous sclerosis"", ""Tubulointerstitial kidney disease"", ""Tumor necrosis factor receptor 1 associated periodic syndrome"", ""Tyrosinemia type 1"", ""Tyrosinemia type 2"", ""Tyrosinemia type III"", ""Van den Ende-Gupta syndrome"", ""Vasculitis, autoinflammation, immunodeficiency, and hematologic defects syndrome"", ""Very long-chain acyl-CoA dehydrogenase deficiency"", ""Vici syndrome"", ""Waardenburg syndrome type 3"", ""Weill-Marchesani syndrome"", ""Werner syndrome"", ""Whipple disease"", ""Wiedemann-Steiner syndrome"", ""Wilson disease"", ""X-linked hypohidrotic ectodermal dysplasia"", ""X-linked hypophosphatemia""]","{""source_path"": ""/Users/alfred/Documents/baseline_model/artifacts/universal_meddx/cache/rarebench_data.zip"", ""mapping_dir"": ""/Users/alfred/Documents/baseline_model/external/meddxagent/ddxdriver/benchmarks/data/rarebench"", ""source"": ""rarebench_hf_zip_with_meddxagent_mappings_v1"", ""subset"": ""LIRICAL"", ""raw_disease_codes"": [""OMIM:133540""]}"
