dataset_name,case_id,split
ddxplus,test:67788,train
ddxplus,test:70907,train
ddxplus,test:105429,train
ddxplus,test:12095,train
ddxplus,test:29843,train
ddxplus,test:114108,train
ddxplus,test:16065,train
ddxplus,test:116728,train
ddxplus,test:53615,train
ddxplus,test:77319,train
ddxplus,test:74894,train
ddxplus,test:20706,train
ddxplus,test:42352,train
ddxplus,test:29668,train
ddxplus,test:93489,train
ddxplus,test:31233,train
ddxplus,test:105918,train
ddxplus,test:101299,train
ddxplus,test:64339,train
ddxplus,test:82999,train
ddxplus,test:88372,train
ddxplus,test:77547,train
ddxplus,test:76206,train
ddxplus,test:100977,train
ddxplus,test:5952,train
ddxplus,test:75364,train
ddxplus,test:260,train
ddxplus,test:75853,train
ddxplus,test:64224,train
ddxplus,test:21549,train
ddxplus,test:85049,train
ddxplus,test:31616,train
ddxplus,test:81042,train
ddxplus,test:116274,train
ddxplus,test:31708,train
ddxplus,test:50958,train
ddxplus,test:43279,train
ddxplus,test:107429,train
ddxplus,test:131462,train
ddxplus,test:30828,train
ddxplus,test:9155,train
ddxplus,test:111425,train
ddxplus,test:67442,train
ddxplus,test:40061,train
ddxplus,test:53671,train
ddxplus,test:107023,train
ddxplus,test:82290,train
ddxplus,test:35030,train
ddxplus,test:133658,train
ddxplus,test:80419,train
ddxplus,test:122283,train
ddxplus,test:121730,train
ddxplus,test:64475,train
ddxplus,test:6687,train
ddxplus,test:25839,train
ddxplus,test:128336,train
ddxplus,test:19594,train
ddxplus,test:75422,train
ddxplus,test:48513,train
ddxplus,test:88992,train
ddxplus,test:101855,validate
ddxplus,test:132165,validate
ddxplus,test:4863,validate
ddxplus,test:90737,validate
ddxplus,test:108479,validate
ddxplus,test:106119,validate
ddxplus,test:92749,validate
ddxplus,test:76123,validate
ddxplus,test:31107,validate
ddxplus,test:37864,validate
ddxplus,test:84477,validate
ddxplus,test:84973,validate
ddxplus,test:17941,validate
ddxplus,test:30019,validate
ddxplus,test:110464,validate
ddxplus,test:130606,validate
ddxplus,test:13189,validate
ddxplus,test:125620,validate
ddxplus,test:32845,validate
ddxplus,test:43968,validate
ddxplus,test:46790,test
ddxplus,test:2613,test
ddxplus,test:100261,test
ddxplus,test:68777,test
ddxplus,test:131977,test
ddxplus,test:82573,test
ddxplus,test:91755,test
ddxplus,test:68000,test
ddxplus,test:116148,test
ddxplus,test:53597,test
ddxplus,test:77917,test
ddxplus,test:63286,test
ddxplus,test:123921,test
ddxplus,test:55029,test
ddxplus,test:12831,test
ddxplus,test:22785,test
ddxplus,test:1094,test
ddxplus,test:61929,test
ddxplus,test:26095,test
ddxplus,test:50247,test
icraft_md,icraft_md:113,train
icraft_md,icraft_md:88,train
icraft_md,icraft_md:128,train
icraft_md,icraft_md:36,train
icraft_md,icraft_md:131,train
icraft_md,icraft_md:63,train
icraft_md,icraft_md:102,train
icraft_md,icraft_md:126,train
icraft_md,icraft_md:10,train
icraft_md,icraft_md:40,train
icraft_md,icraft_md:37,train
icraft_md,icraft_md:138,train
icraft_md,icraft_md:73,train
icraft_md,icraft_md:49,train
icraft_md,icraft_md:42,train
icraft_md,icraft_md:67,train
icraft_md,icraft_md:123,train
icraft_md,icraft_md:137,train
icraft_md,icraft_md:24,train
icraft_md,icraft_md:106,train
icraft_md,icraft_md:116,train
icraft_md,icraft_md:107,train
icraft_md,icraft_md:11,train
icraft_md,icraft_md:127,train
icraft_md,icraft_md:46,train
icraft_md,icraft_md:41,train
icraft_md,icraft_md:125,train
icraft_md,icraft_md:76,train
icraft_md,icraft_md:95,train
icraft_md,icraft_md:66,train
icraft_md,icraft_md:82,train
icraft_md,icraft_md:33,train
icraft_md,icraft_md:101,train
icraft_md,icraft_md:121,train
icraft_md,icraft_md:5,train
icraft_md,icraft_md:60,train
icraft_md,icraft_md:17,train
icraft_md,icraft_md:132,train
icraft_md,icraft_md:136,train
icraft_md,icraft_md:2,train
icraft_md,icraft_md:52,train
icraft_md,icraft_md:122,train
icraft_md,icraft_md:100,train
icraft_md,icraft_md:120,train
icraft_md,icraft_md:34,train
icraft_md,icraft_md:1,train
icraft_md,icraft_md:58,train
icraft_md,icraft_md:117,train
icraft_md,icraft_md:51,train
icraft_md,icraft_md:85,train
icraft_md,icraft_md:56,train
icraft_md,icraft_md:130,train
icraft_md,icraft_md:110,train
icraft_md,icraft_md:104,train
icraft_md,icraft_md:38,train
icraft_md,icraft_md:84,train
icraft_md,icraft_md:133,train
icraft_md,icraft_md:99,train
icraft_md,icraft_md:78,train
icraft_md,icraft_md:48,train
icraft_md,icraft_md:9,validate
icraft_md,icraft_md:12,validate
icraft_md,icraft_md:61,validate
icraft_md,icraft_md:50,validate
icraft_md,icraft_md:32,validate
icraft_md,icraft_md:45,validate
icraft_md,icraft_md:105,validate
icraft_md,icraft_md:30,validate
icraft_md,icraft_md:90,validate
icraft_md,icraft_md:98,validate
icraft_md,icraft_md:39,validate
icraft_md,icraft_md:31,validate
icraft_md,icraft_md:4,validate
icraft_md,icraft_md:124,validate
icraft_md,icraft_md:87,validate
icraft_md,icraft_md:47,validate
icraft_md,icraft_md:86,validate
icraft_md,icraft_md:14,validate
icraft_md,icraft_md:79,validate
icraft_md,icraft_md:119,validate
icraft_md,icraft_md:74,test
icraft_md,icraft_md:21,test
icraft_md,icraft_md:94,test
icraft_md,icraft_md:44,test
icraft_md,icraft_md:65,test
icraft_md,icraft_md:115,test
icraft_md,icraft_md:114,test
icraft_md,icraft_md:96,test
icraft_md,icraft_md:68,test
icraft_md,icraft_md:72,test
icraft_md,icraft_md:18,test
icraft_md,icraft_md:13,test
icraft_md,icraft_md:81,test
icraft_md,icraft_md:80,test
icraft_md,icraft_md:92,test
icraft_md,icraft_md:129,test
icraft_md,icraft_md:15,test
icraft_md,icraft_md:93,test
icraft_md,icraft_md:16,test
icraft_md,icraft_md:59,test
rarebench,rarebench:RAMEDIS:200,train
rarebench,rarebench:RAMEDIS:256,train
rarebench,rarebench:LIRICAL:93,train
rarebench,rarebench:RAMEDIS:17,train
rarebench,rarebench:MME:27,train
rarebench,rarebench:HMS:6,train
rarebench,rarebench:LIRICAL:72,train
rarebench,rarebench:LIRICAL:236,train
rarebench,rarebench:RAMEDIS:153,train
rarebench,rarebench:RAMEDIS:258,train
rarebench,rarebench:LIRICAL:170,train
rarebench,rarebench:LIRICAL:205,train
rarebench,rarebench:LIRICAL:319,train
rarebench,rarebench:LIRICAL:104,train
rarebench,rarebench:RAMEDIS:522,train
rarebench,rarebench:MME:1,train
rarebench,rarebench:LIRICAL:292,train
rarebench,rarebench:RAMEDIS:298,train
rarebench,rarebench:RAMEDIS:379,train
rarebench,rarebench:LIRICAL:70,train
rarebench,rarebench:HMS:22,train
rarebench,rarebench:RAMEDIS:365,train
rarebench,rarebench:RAMEDIS:335,train
rarebench,rarebench:RAMEDIS:616,train
rarebench,rarebench:RAMEDIS:48,train
rarebench,rarebench:MME:6,train
rarebench,rarebench:RAMEDIS:599,train
rarebench,rarebench:LIRICAL:288,train
rarebench,rarebench:RAMEDIS:148,train
rarebench,rarebench:RAMEDIS:149,train
rarebench,rarebench:LIRICAL:77,train
rarebench,rarebench:LIRICAL:225,train
rarebench,rarebench:LIRICAL:307,train
rarebench,rarebench:RAMEDIS:121,train
rarebench,rarebench:LIRICAL:114,train
rarebench,rarebench:RAMEDIS:184,train
rarebench,rarebench:LIRICAL:255,train
rarebench,rarebench:RAMEDIS:49,train
rarebench,rarebench:LIRICAL:57,train
rarebench,rarebench:HMS:78,train
rarebench,rarebench:HMS:73,train
rarebench,rarebench:HMS:37,train
rarebench,rarebench:RAMEDIS:91,train
rarebench,rarebench:RAMEDIS:402,train
rarebench,rarebench:RAMEDIS:595,train
rarebench,rarebench:RAMEDIS:4,train
rarebench,rarebench:HMS:29,train
rarebench,rarebench:HMS:50,train
rarebench,rarebench:LIRICAL:4,train
rarebench,rarebench:RAMEDIS:140,train
rarebench,rarebench:RAMEDIS:502,train
rarebench,rarebench:RAMEDIS:157,train
rarebench,rarebench:LIRICAL:22,train
rarebench,rarebench:LIRICAL:195,train
rarebench,rarebench:LIRICAL:40,train
rarebench,rarebench:RAMEDIS:406,train
rarebench,rarebench:RAMEDIS:577,train
rarebench,rarebench:RAMEDIS:589,train
rarebench,rarebench:HMS:14,train
rarebench,rarebench:RAMEDIS:263,train
rarebench,rarebench:LIRICAL:85,validate
rarebench,rarebench:RAMEDIS:404,validate
rarebench,rarebench:RAMEDIS:12,validate
rarebench,rarebench:MME:19,validate
rarebench,rarebench:MME:15,validate
rarebench,rarebench:RAMEDIS:510,validate
rarebench,rarebench:RAMEDIS:604,validate
rarebench,rarebench:RAMEDIS:493,validate
rarebench,rarebench:RAMEDIS:461,validate
rarebench,rarebench:RAMEDIS:337,validate
rarebench,rarebench:RAMEDIS:280,validate
rarebench,rarebench:LIRICAL:256,validate
rarebench,rarebench:RAMEDIS:322,validate
rarebench,rarebench:RAMEDIS:579,validate
rarebench,rarebench:HMS:46,validate
rarebench,rarebench:LIRICAL:3,validate
rarebench,rarebench:RAMEDIS:33,validate
rarebench,rarebench:RAMEDIS:37,validate
rarebench,rarebench:RAMEDIS:411,validate
rarebench,rarebench:RAMEDIS:261,validate
rarebench,rarebench:RAMEDIS:381,test
rarebench,rarebench:MME:13,test
rarebench,rarebench:LIRICAL:201,test
rarebench,rarebench:RAMEDIS:46,test
rarebench,rarebench:LIRICAL:38,test
rarebench,rarebench:RAMEDIS:89,test
rarebench,rarebench:RAMEDIS:213,test
rarebench,rarebench:RAMEDIS:193,test
rarebench,rarebench:RAMEDIS:226,test
rarebench,rarebench:RAMEDIS:586,test
rarebench,rarebench:LIRICAL:333,test
rarebench,rarebench:RAMEDIS:349,test
rarebench,rarebench:LIRICAL:189,test
rarebench,rarebench:RAMEDIS:439,test
rarebench,rarebench:RAMEDIS:384,test
rarebench,rarebench:RAMEDIS:282,test
rarebench,rarebench:RAMEDIS:524,test
rarebench,rarebench:LIRICAL:149,test
rarebench,rarebench:RAMEDIS:491,test
rarebench,rarebench:RAMEDIS:27,test
