feature,coefficient,abs_coefficient
num__final_top5,-1.815902747394873,1.815902747394873
num__rarebench_hpo_max_idf_fraction_minus_max,1.4331455311357537,1.4331455311357537
num__llm_top3,1.4260281248491904,1.4260281248491904
num__resolver_score_rank_within_pool,1.1794799747158093,1.1794799747158093
num__ddxplus_bayes_posterior,1.1361380275983743,1.1361380275983743
num__pool_rank,1.0585294582743505,1.0585294582743505
num__independent_signal_count_rank_within_pool,1.0426502874807235,1.0426502874807235
num__base_llm_confidence_value,1.0200010026618476,1.0200010026618476
num__rarebench_hpo_max_jaccard_pool_minmax,-0.9795201319723229,0.9795201319723229
num__rarebench_hpo_max_jaccard_minus_max,0.9608672391777124,0.9608672391777124
num__ddxplus_bayes_log_score_rank_within_pool,-0.9567039938764792,0.9567039938764792
num__ddxplus_bayes_posterior_rank_within_pool,-0.9553414772054517,0.9553414772054517
num__final_top3,-0.8897378459954146,0.8897378459954146
num__rarebench_hpo_max_idf_fraction_rank_within_pool,0.8868353322832763,0.8868353322832763
num__candidate_label_current_overlap_fraction,-0.7572479703134165,0.7572479703134165
num__ddxplus_graph_posterior,0.7515930741745562,0.7515930741745562
num__rarebench_hpo_no_reference,0.7043013964104903,0.7043013964104903
num__allowed_list_size,0.6993959983222047,0.6993959983222047
num__candidate_label_visible_overlap_fraction_pool_minmax,-0.689874270522218,0.689874270522218
num__ddxplus_bayes_log_score_pool_minmax,0.6831752220775837,0.6831752220775837
num__icraft_no_reference,0.6579235298069724,0.6579235298069724
num__candidate_label_visible_overlap_fraction_rank_within_pool,-0.6357589360254292,0.6357589360254292
num__casebase_prior_top_score,-0.6078340603613898,0.6078340603613898
num__candidate_label_visible_overlap_fraction_minus_max,-0.6076631112441792,0.6076631112441792
num__casebase_prior_value_minus_max,0.5861062208436267,0.5861062208436267
num__support_count_rank_within_pool,-0.5845779856977154,0.5845779856977154
num__casebase_prior_margin,-0.57868673656302,0.57868673656302
num__rarebench_hpo_max_overlap_rank_within_pool,-0.5652661584711195,0.5652661584711195
num__ddxplus_graph_positive_support,-0.5488117874387091,0.5488117874387091
num__icraft_tfidf_max_similarity_minus_max,0.5471851063300346,0.5471851063300346
num__rarebench_hpo_mean_overlap,0.5449514916657613,0.5449514916657613
num__resolver_score_minus_max,0.5183193860542772,0.5183193860542772
num__llm_top5,-0.5077135708445158,0.5077135708445158
num__ddxplus_graph_posterior_rank_within_pool,0.5022346990001202,0.5022346990001202
num__ddxplus_graph_score_rank_within_pool,0.5008298472265001,0.5008298472265001
num__rarebench_hpo_max_idf_fraction,0.4994990593855873,0.4994990593855873
num__ddxplus_bayes_log_score_minus_max,0.4968072392064715,0.4968072392064715
num__candidate_label_token_count,-0.48375772789381316,0.48375772789381316
num__rarebench_hpo_max_overlap_pool_minmax,-0.4826374205746631,0.4826374205746631
num__rarebench_graph_margin,0.4797502903880275,0.4797502903880275
num__ddxplus_graph_rank,0.47921079719717213,0.47921079719717213
num__rarebench_graph_value_minus_max,0.47775245276264255,0.47775245276264255
num__icraft_tfidf_mean_similarity_rank_within_pool,0.46940138967807216,0.46940138967807216
num__icraft_tfidf_max_similarity_rank_within_pool,0.46940138967807216,0.46940138967807216
num__rarebench_hpo_max_jaccard_rank_within_pool,0.4678872083740217,0.4678872083740217
num__final_rank,0.4632738576204596,0.4632738576204596
num__ddxplus_graph_posterior_minus_max,0.4594091076519511,0.4594091076519511
num__rarebench_hpo_mean_jaccard,0.4498168301938619,0.4498168301938619
num__ddxplus_bayes_posterior_minus_max,0.43829492665951064,0.43829492665951064
num__support_count_minus_max,0.42637762137263907,0.42637762137263907
num__ddxplus_graph_score_norm,0.4151561849998755,0.4151561849998755
num__resolver_score,0.41431160361397856,0.41431160361397856
num__ddxplus_bayes_top1,-0.412006350891182,0.412006350891182
num__visible_text_token_count,-0.4116646500025379,0.4116646500025379
num__llm_top1,-0.40800304377767643,0.40800304377767643
num__independent_signal_count_norm,0.3897233063154468,0.3897233063154468
num__ddxplus_graph_rr,-0.3882871813615556,0.3882871813615556
num__rarebench_hpo_max_overlap,-0.38015862744705614,0.38015862744705614
num__ddxplus_bayes_log_score,0.3654456448193575,0.3654456448193575
num__llm_rr,0.3549258380985484,0.3549258380985484
num__ddxplus_mlp_entropy,0.35188230254913405,0.35188230254913405
num__rarebench_hpo_mean_idf_fraction,0.35070915117450524,0.35070915117450524
num__icraft_tfidf_mean_similarity_minus_max,0.34838122421498946,0.34838122421498946
num__source_weighted_score_minus_current,0.34691556076275776,0.34691556076275776
num__num_questions,0.3463470023025374,0.3463470023025374
num__rarebench_hpo_patient_count,0.34161033738047786,0.34161033738047786
num__candidate_resolver_rr,0.30751976182412094,0.30751976182412094
num__source_count,0.3062757639892501,0.3062757639892501
num__pool_rr,0.3045098678569811,0.3045098678569811
num__casebase_prior_value,0.30276146307017954,0.30276146307017954
num__support_count,0.29872423804550946,0.29872423804550946
num__candidate_label_visible_overlap_fraction,-0.2890592509831822,0.2890592509831822
num__source_weighted_score,0.2882422508137778,0.2882422508137778
num__augmented_independent_signal_count,-0.28711194939519064,0.28711194939519064
num__is_current_prediction,0.2850236037731196,0.2850236037731196
num__final_top1,0.2850236037731196,0.2850236037731196
num__final_rr,0.27058795973519717,0.27058795973519717
num__resolver_score_norm,0.2697951260925169,0.2697951260925169
num__independent_signal_count_minus_max,0.2635104493659278,0.2635104493659278
num__rarebench_graph_value_norm,0.25206971853920607,0.25206971853920607
num__rarebench_graph_value,0.25206971853920573,0.25206971853920573
num__ddxplus_graph_score,-0.24670731845332772,0.24670731845332772
num__rarebench_graph_value_rank_within_pool,-0.24170835996677184,0.24170835996677184
num__ddxplus_mlp_available,-0.2379621725064902,0.2379621725064902
num__candidate_label_visible_overlap_count,0.23595982891111986,0.23595982891111986
num__base_llm_rank_value_minus_max,0.21463620403136108,0.21463620403136108
num__base_llm_rank_value_norm,0.21463620403136013,0.21463620403136013
num__base_llm_rank_value,0.21463620403136005,0.21463620403136005
cat__dataset_name_icraft_md,0.20257623842880088,0.20257623842880088
num__ddxplus_bayes_margin,-0.1939242517228557,0.1939242517228557
num__casebase_prior_value_norm,0.19330976250572626,0.19330976250572626
num__resolver_support_count,-0.18721032273295485,0.18721032273295485
num__base_llm_rank_value_rank_within_pool,0.18396731861828866,0.18396731861828866
num__llm_rank,0.1780083858421206,0.1780083858421206
num__rarebench_graph_top_score,-0.17218280443403827,0.17218280443403827
num__candidate_resolver_rank,0.1713193453693125,0.1713193453693125
num__branch_top1_count,0.17076591885644463,0.17076591885644463
num__augmented_source_weighted_score,0.1651630059373145,0.1651630059373145
num__mlp_rank,-0.1564636057229615,0.1564636057229615
num__ddxplus_bayes_visible_roots,0.15639141512338814,0.15639141512338814
num__rarebench_hpo_max_idf_fraction_pool_minmax,-0.15068497460922728,0.15068497460922728
num__mlp_top5,0.14923133267002284,0.14923133267002284
num__independent_signal_count,0.14825456807589135,0.14825456807589135
num__ddxplus_bayes_posterior_pool_minmax,-0.13487074407832558,0.13487074407832558
num__ddxplus_bayes_rank,-0.13289696982173807,0.13289696982173807
num__support_count_norm,-0.13068754617540174,0.13068754617540174
num__ddxplus_graph_visible_roots,0.1259983364126091,0.1259983364126091
num__icraft_tfidf_mean_similarity,0.12493329347267423,0.12493329347267423
num__branch_confidence_sum_norm,-0.12347886477392456,0.12347886477392456
num__branch_hit_count,-0.12148899393699725,0.12148899393699725
num__branch_confidence_sum,-0.11877154951120758,0.11877154951120758
num__branch_best_rr_minus_max,0.11795638082969968,0.11795638082969968
num__rarebench_hpo_max_overlap_minus_max,-0.11461237559371397,0.11461237559371397
num__budget,-0.11263252504239757,0.11263252504239757
cat__dataset_name_ddxplus,-0.11190907255468119,0.11190907255468119
num__branch2_conf_value,0.10759258284247619,0.10759258284247619
num__augmented_source_weighted_score_minus_current,0.10539903818245117,0.10539903818245117
num__ddxplus_graph_score_minus_max,0.1035292559674704,0.1035292559674704
num__mlp_top1,0.10270752170827695,0.10270752170827695
num__branch1_conf_value,0.10090864141942577,0.10090864141942577
num__icraft_tfidf_max_similarity,0.10089622839006822,0.10089622839006822
num__branch_triggered,-0.09649006889518559,0.09649006889518559
num__branch_count,-0.09310277587963085,0.09310277587963085
num__ddxplus_graph_posterior_norm,-0.08634464737859136,0.08634464737859136
num__branch_best_rr_rank_within_pool,-0.08404215844035012,0.08404215844035012
num__ddxplus_mlp_margin,0.08128078012170237,0.08128078012170237
cat__dataset_name_rarebench,-0.07750384917627445,0.07750384917627445
num__branch2_value,-0.07140540130684359,0.07140540130684359
num__resolver_margin,0.07043494954821354,0.07043494954821354
num__ddxplus_bayes_rr,0.06299239265179511,0.06299239265179511
num__branch1_value,0.05179409941455835,0.05179409941455835
num__rarebench_hpo_ref_count,0.048175929548930935,0.048175929548930935
num__ddxplus_mlp_confidence,-0.03928566473680062,0.03928566473680062
num__ddxplus_graph_margin,-0.034396885424624914,0.034396885424624914
num__icraft_tfidf_mean_similarity_pool_minmax,0.023370021707017467,0.023370021707017467
num__icraft_tfidf_max_similarity_pool_minmax,0.023370021707017467,0.023370021707017467
num__ddxplus_graph_contradiction,0.021071083656580145,0.021071083656580145
num__casebase_prior_value_rank_within_pool,0.01231324780021859,0.01231324780021859
num__icraft_ref_count,-0.011436222261090688,0.011436222261090688
num__branch_confidence_sum_rank_within_pool,-0.008848458700864766,0.008848458700864766
num__branch_best_rr,0.008295656527269425,0.008295656527269425
num__branch_best_rr_norm,0.008295656527269425,0.008295656527269425
num__rarebench_hpo_max_jaccard,-0.0054238614027781245,0.0054238614027781245
num__branch_confidence_sum_minus_max,0.003457904526600794,0.003457904526600794
num__candidate_in_allowed_list,-0.0006818923911420074,0.0006818923911420074
num__mlp_rr,-0.0003123376338189714,0.0003123376338189714
num__ddxplus_bayes_fallback_likelihood_cells,0.0,0.0
